0.03743677318596939,0.03912351424904788,0.04062399200275007,0.04195468648268941,0.04313056690011762,0.04416523371074585,0.04507104739067447,0.04585924501165817,0.04654004566530853,0.047122745858480135,0.04761580577490117,0.04802692704535979,0.04836312357297537,0.04863078489818151,0.04883573396188905,0.04898327910361626,0.049078261156256034,0.04912509609169734,0.049127813531362086,0.049090091650645776,0.04901528877743329,0.04890647202353354,0.04876644323159224,0.048597762503665994,0.048402769544411785,0.04818360302938836,0.04794221825136705,0.047680403027055784,0.04739979224877788,0.047101881249229406,0.04678803760307973,0.046459512264763095,0.04611744943990938,0.04576289579585107,0.045396808706365296,0.045020063889217074,0.044633462195960254,0.04423773605187187,0.043833555380917974,0.043421532627138194,0.04300222777995846,0.04257615277639131,0.042143775589525784,0.041705523969817845,0.041261788873731026,0.04081292762641497,0.04035926679931333,0.03990110492178209,0.039438714910108114,0.03897234633708037,0.03850222728396838,0.03802856722376237,0.037551557340579494,0.03707137338553328,0.03658817605079777,0.03610211371054201,0.035613322827403524,0.03512192938180363,0.034628049988323716,0.0341317929311499,0.033633259125026876,0.033132543007582026,0.03262973336835327,0.032124914119375875,0.03161816501174454,0.03110956230216974,0.03059917937318367,0.030087087310319727,0.029573355439286367,0.029058051825880116,0.028541243741131136,0.028022998093942902,0.027503381833278037,0.026982462321749723,0.02646030768230325,0.025936987119510833,0.025412571216857555,0.024887132211263256,0.024360744245962185,0.02383348360275344,0.023305428910916533,0.022776661355272024,0.022247264830096022,0.021717326109209456,0.021186934992634396,0.02065618439996294,0.020125170556484065,0.01959399298639035,0.019062754651437558,0.018531562003188604,0.01800052503091562,0.017469757143180636,0.01693937582265241,0.01640950165599958,0.01588025899977638,0.015351775789506111,0.014824183508595712,0.014297617194412207,0.013772215167622719,0.013248119310106818,0.012725474737921322,0.012204429775561368,0.011685135852902977,0.011167747391003263,0.01065242167703008,0.010139318728606656,0.009628601147873284,0.009120433965584346,0.008614984475577792,0.008112422064938105,0.00761291801035896,0.007116645315965092,0.006623778490211507,0.006134493353782709,0.005648966822687479,0.005167376639680074,0.004689901229934609,0.004216719409440919,0.0037480101605715938,0.0032839523885066363,0.0028247246735999543,0.00237050502026899,0.001921470603002344,0.0014777975100909585,0.0010396604857011438,0.0006072326709141984,0.0001806853443652584,-0.00023981233688132736,-0.0006540935955796495,-0.00106199429103207,-0.0014633531736609404,-0.0018580121377373554,-0.0022458164660919197,-0.0026266150796343812,-0.0030002607736838854,-0.003366610453132489,-0.003725525360971378,-0.004076871300394969,-0.004420518849928744,-0.004756343571048441,-0.005084226207778764,-0.005404052877784511,-0.0057157152544915005,-0.006019110739802366,-0.006314142626999836,-0.0066007202534603265,-0.006878759142831883,-0.007148181136360697,-0.007408914699230246,-0.007660894282175965,-0.007904061543352728
0.045895459376127656,0.047620387536899636,0.04915930854666842,0.050528665411713476,0.051743384353736085,0.05281701860958552,0.05376187842694173,0.05458914875689265,0.055308995554167704,0.05593066186246934,0.05646255455589654,0.056912322893773,0.057286929086072136,0.05759271249119781,0.05783544715054878,0.05802039422160693,0.058152349068093384,0.058235683918052714,0.05827438644703519,0.058272094695094104,0.05823212860604694,0.05815751882311565,0.05805103219259138,0.05791518750600716,0.05775231774395178,0.05756450683978148,0.057353690019657816,0.05712162807159718,0.05686993061341632,0.056600068619802435,0.056313387029430645,0.0560111151882556,0.05569437700785371,0.055364199945710305,0.055021523310152476,0.05466720577660936,0.054302032255061444,0.053926720265417984,0.05354192549049437,0.05314824730985793,0.052746218787401614,0.052336384422030466,0.051919157610171664,0.05149497096323038,0.05106420642228119,0.05062721303339354,0.05018430985867771,0.049735788589267305,0.04928191604018535,0.04882293636600074,0.04835907314708311,0.04789053130305508,0.04741749858026345,0.04694014833212244,0.04645863928415428,0.04597311840018595,0.045483720792809074,0.04499057251626697,0.044493790641135185,0.043993484536578975,0.04348975683599414,0.04298270432957167,0.042472418794115244,0.0419589877648891,0.04144249525383775,0.040923022418121936,0.040400648182554524,0.03987544981918823,0.03934750348700794,0.03881688473440405,0.03828366896685305,0.03774793188200254,0.037209749874148976,0.036669200409905144,0.03612636237668032,0.03558131640543834,0.035034145169052316,0.034484933657444664,0.03393376943058007,0.03338074285027117,0.032825947291657095,0.032269479335126944,0.031711438935022825,0.031151929588959473,0.03059105846074077,0.030028936499436068,0.029465678550647897,0.0289014034401701,0.028336234044837608,0.027770297346040515,0.027203724476291533,0.026636650733875,0.026069215429742387,0.025501562582939015,0.024933839795570935,0.024366199043721892,0.023798796323645705,0.02323179172970359,0.022665349090649746,0.02209963631841548,0.021534824996624333,0.020971090350582033,0.020408611121800077,0.019847569436183293,0.019288150631031425,0.018730543129238428,0.018174938243326284,0.01762152999814625,0.01707051493715228,0.01652209191857288,0.015976461901904673,0.015433827725175459,0.014894393870104966,0.014358366235588893,0.013825951870509487,0.01329735873201187,0.012772795420932896,0.01225247093027361,0.011736594308459913,0.011225374477946123,0.010719019888821207,0.010217738249613223,0.009721736263743522,0.009231219240022223,0.008746390949758084,0.008267453234526712,0.007794605738428377,0.007328045616056503,0.006867967241854581,0.006414561921580721,0.005968017606596349,0.005528518611691298,0.005096245337149252,0.0046713739957479905,0.004254076345376591,0.0038445194080098805,0.0034428652931242226,0.003049270838886252,0.002663887445372548,0.002286860826284605,0.001918330791358988,0.0015584310346112573,0.0012072889341760082,0.000865025362965538,0.0005317545105837304,0.00020758371689835048,-0.0001073866823604469,-0.00041306349764640843,-0.0007093610240392137,-0.0009962266852421298,-0.0012735369615771153
0.054792452474275125,0.05655644456369539,0.05813476849989213,0.05954385231296064,0.06079855871895829,0.06191237580440684,0.06289754800754,0.0637651945383741,0.06452541648344368,0.06518739307942431,0.06575946904836519,0.06624923319631124,0.06666358940340589,0.06700882083824082,0.06729064761728033,0.06751427920981017,0.06768446157696958,0.06780551982673769,0.06788139675621123,0.06791568771863432,0.0679116721437066,0.06787234207529408,0.06780042802566376,0.06769842237550855,0.06756860058656505,0.0674130404999907,0.06723363971905391,0.0670321315227718,0.06681009925904188,0.06656898943988769,0.06631012364251895,0.06603470939012601,0.06574385002109982,0.06543855350879665,0.06511974104847612,0.06478825418829881,0.06444486183831238,0.06409026645994402,0.0637251098748286,0.06334997825161139,0.06296540721627783,0.06257188603363642,0.06216986165675224,0.06175974245032197,0.061341901557965484,0.0609166800450465,0.06048438968474562,0.06004531569299141,0.059599719097078924,0.05914783898653529,0.058689894574680365,0.05822608711395489,0.057756601641258,0.05728160827776821,0.05680126510220054,0.05631571745816703,0.05582510099400243,0.055329541205053394,0.054829156471579155,0.05432405781610224,0.05381435016490267,0.05330013327081544,0.05278150252381879,0.05225854972916394,0.05173136382724054,0.05120003156406348,0.050664638115888824,0.05012526767113783,0.049582003972508185,0.049034930821880304,0.0484841325503743,0.04792969445568987,0.04737170320864949,0.046810247230680294,0.046245417043794035,0.045677305594469905,0.04510600855270079,0.04453162458733292,0.043954255618713495,0.04337400704954962,0.04279098797478987,0.04220531137124922,0.04161709426762133,0.04102645789242958,0.04043352781320367,0.03983843405446441,0.03924131117344294,0.03864229835884376,0.038041539487621054,0.037439183170760185,0.03683538278266645,0.03623029647441545,0.035624086960648726,0.03501692237071681,0.034408974868542316,0.03380042152976349,0.03319144404578185,0.03258222869477187,0.031972965956088506,0.03136385091220876,0.030755082730215655,0.030146864709799374,0.02953940401212469,0.02893291157874222,0.02832760193161965,0.0277236930030315,0.02712140590889027,0.026520964754807308,0.025922596410934418,0.025326530267691966,0.02473299800693586,0.024142233336756302,0.023554471730350718,0.02296995015328842,0.022388906809739116,0.02181158074461792,0.021238211712012664,0.02066903976184256,0.020104304966048613,0.019544247096109413,0.018989105329794143,0.018439117859520147,0.017894521673843936,0.017355552161878778,0.016822442804415416,0.016295424846944268,0.015774726973037785,0.015260574978891175,0.014753191449822942,0.014252795439532742,0.01375960215291247,0.013273822633197013,0.012795663452005168,0.012325326416472604,0.011863008260467135,0.011408900365854971,0.010963188480435607,0.010526052446938022,0.010097665941446073,0.009678196221889097,0.00926780386648307,0.008866642627049268,0.008474859086762744,0.00809259253617406,0.0077199747654396605,0.007357098492431317,0.007004142712824318,0.006661215749018318,0.006328354639334996,0.006005683103080792,0.005693284379042415
0.06406263580141151,0.06586618916693253,0.06748459542513788,0.06893409777724172,0.0702296606185414,0.07138451225811214,0.07241087438929872,0.0733198067914154,0.07412132023797376,0.07482452807580157,0.07543770627206203,0.0759683775412842,0.07642338256002681,0.07680894399152112,0.07713072442344232,0.07739387848445194,0.07760310004908057,0.07776266479349347,0.07787646866398819,0.0779480626321924,0.07798068413698121,0.07797728552366893,0.07794055977832828,0.07787296385008263,0.0777767309368128,0.07765393377982174,0.07750641377369884,0.07733588496952688,0.07714390431570572,0.07693189344737864,0.07670115055475901,0.07645286115900299,0.07618810786529401,0.07590787937848978,0.0756130785993951,0.07530453006871901,0.0749829867549954,0.07464913626091013,0.07430360647145695,0.07394697084382254,0.0735797528499239,0.0732024167378087,0.07281544137315359,0.07241918369140038,0.07201402234508597,0.07160029067895832,0.0711782935184844,0.07074830989512307,0.07031059539393474,0.0698653843919595,0.06941289211024906,0.06895331650903494,0.06848684003945599,0.06801363126401916,0.06753384635684131,0.0670476301087131,0.06655511876645996,0.06605643924913916,0.06555171037399418,0.06504104569328617,0.06452455297694176,0.06400233547760575,0.06347449276698439,0.0629411214905726,0.062402316118695754,0.0618581695991641,0.061308773988952195,0.060754221038366606,0.06019460273545612,0.05963001181319877,0.059060542221753304,0.05848628956783669,0.05790735152308421,0.057323828200525284,0.0567358225157952,0.05614344049684364,0.055546791593152595,0.054945988948402524,0.05434114965230772,0.053732394970028075,0.053119850549914416,0.052503646610260066,0.05188391810565596,0.05126080487347729,0.05063445176097218,0.05000500873336808,0.04937263095790255,0.048737478897338524,0.04809971832909041,0.04745952040394397,0.04681706165821656,0.04617252401460331,0.04552609476601831,0.04487796632463445,0.04422833708204685,0.043577409916136296,0.04292539311179099,0.04227250008393111,0.04161894886573948,0.04096496260290178,0.04031076905053842,0.039656600380850664,0.03900269311365645,0.03834928790218408,0.037696629331043716,0.03704496570066257,0.03639454879859294,0.03574563369003657,0.035098478336091456,0.03445334352145858,0.033810492448698354,0.03317019048352571,0.03253270485762172,0.03189830436202594,0.03126725903176056,0.03063983982236721,0.030016318279062537,0.029396966199247962,0.028782055289130373,0.028171856815236887,0.02756664125162467,0.026966677923608198,0.026372234667667353,0.025783577394959165,0.025200969844046787,0.024624673142490568,0.024054945463479013,0.02349204167380281,0.022936212964254986,0.022387706512831257,0.02184676512030452,0.02131362687592235,0.02078852481752476,0.020271686600887573,0.019763334176769787,0.01926368347646165,0.01877294410660707,0.018291319054044734,0.017819004401385605,0.017356189054010124,0.016903054479134885,0.01645973767463777,0.016026478049866566,0.015603433369300188,0.015190679386648448,0.014788393704896478,0.014396708473573341,0.014015746641334259,0.013645622923452352,0.013286442105645752,0.012938299966405248
0.07364483289187584,0.07548835149431568,0.0771472602518886,0.07863776984481327,0.07997457251737117,0.0811709183947304,0.08223909818524189,0.08318986153889238,0.08403322553843483,0.08477822116092965,0.08543305085908356,0.08600516731013239,0.08650134450091752,0.08692774182371607,0.08728996176114628,0.08759310206705,0.08784180278150504,0.08804028868421299,0.08819240763946788,0.08830166522638895,0.08837125605475739,0.0884040920785124,0.08840282821574763,0.0883698855378648,0.08830746332072247,0.0882176028969053,0.0881021153297743,0.08796268664395676,0.08780084728794517,0.08761799401573651,0.08741540163969716,0.08719423373555338,0.08695555232641561,0.08670032683079967,0.0864294420949365,0.08614370577771065,0.08584385509169765,0.08553056295026884,0.08520444359334992,0.08486605772745634,0.08451591726273826,0.08415447624821856,0.0837822016755626,0.0833994432798233,0.08300657089543638,0.08260391043400256,0.08219176010000916,0.08177039305711314,0.0813400597818,0.08090099028357509,0.08045339614507041,0.07999747240698937,0.07953339931117734,0.0790613439138682,0.07858146158003204,0.07809389736873343,0.07759878687419469,0.07709625920759187,0.0765864358272168,0.07606943168812061,0.07554535830145007,0.07501432291140589,0.07447642976634541,0.07393178088349296,0.07338047677928311,0.07282261714663824,0.07225830146442061,0.07168762961277697,0.07111070240030049,0.07052762207819198,0.06993849281450357,0.06934342113532103,0.06874251633467421,0.06813589085477867,0.06752366063804513,0.06690594545213688,0.06628286918921766,0.06565456014040685,0.06502115124634306,0.06438278032465558,0.06373959027505083,0.06309172926263718,0.062439350880039046,0.0617826142887847,0.06112168434039722,0.06045673167756512,0.059787932815728924,0.05911547019942542,0.05843953226991076,0.05776031345240035,0.05707801418741103,0.05639284091192673,0.055705006028912527,0.055014727600482684,0.05432223035371027,0.05362774393064501,0.052931503937835654,0.05223375153060202,0.05153473335522281,0.05083470105592774,0.05013391167035505,0.04943262704454049,0.04873111370926228,0.04802964271904831,0.04732848938642934,0.04662793304686384,0.04592825680329715,0.04522974724289102,0.044532694169964554,0.043837390296405994,0.04314413093556734,0.04245321368170468,0.041764938078778846,0.04107960527930288,0.04039751769395903,0.0397189786327366,0.03904429193837376,0.03837376161291488,0.03770769143821971,0.03704638459128913,0.036390143255289456,0.035739268227182486,0.035094058522881735,0.03445481098087186,0.03382181988543653,0.03319537648872152,0.03257576873828083,0.03196328080168091,0.03135819269751788,0.03076077990592309,0.03017131300424862,0.029590057268682406,0.029017272323213633,0.028453211776299003,0.02789812287041038,0.027352246141262346,0.026815815087551723,0.026289055852011495,0.025772144359124567,0.025265376236560402,0.024768953788523923,0.024282985667361527,0.023807699461056618,0.023343271204243177,0.022889867719376684,0.02244764641258945,0.022016755086269865,0.021597331490792723,0.02118950428570525,0.020793391229837387,0.020409100160632146
0.08348277318634761,0.08536640405064702,0.08706600206340354,0.08859767466411372,0.08997601400619627,0.09121424372946357,0.09232435151090973,0.09331720845739924,0.09420259625809033,0.09498970676503349,0.09568642416420113,0.09630020892129373,0.09683776613069067,0.09730519002240598,0.09770802150305051,0.09805130019450238,0.09833961129646052,0.09857712788635116,0.09876764910967283,0.09891463457394867,0.09902123586203739,0.09909032418187107,0.0991245161992667,0.09912619706992068,0.09909754107276655,0.09904053091882095,0.09895697464229632,0.09884852124450759,0.09871667480790644,0.09856280733994008,0.09838817045246093,0.0981939059200213,0.09798105542286122,0.09775056929068711,0.09750331453805433,0.09724008218133443,0.09696159391715468,0.09666850823626492,0.09636142596609204,0.09604089542462738,0.09570741704333323,0.09536144774505484,0.0950034047268132,0.09463366929396402,0.09425258968464334,0.09386048479391074,0.09345764653552423,0.09304434249305882,0.09262081837041314,0.09218730014082732,0.09174399608709342,0.09129109867649401,0.09082878629543194,0.09035722485567016,0.0898765692829823,0.0893869648980037,0.08888854869815582,0.08838145004372025,0.08786579380000994,0.08734169876661202,0.08680927879358319,0.08626864603949913,0.0857199098669469,0.0851631781075986,0.0845985577868818,0.08402615580326737,0.08344607954593339,0.08285843750281424,0.08226333979590605,0.0816608986958362,0.0810512290978842,0.0804344489647234,0.07981067973760653,0.07918004671753374,0.07854267941777593,0.07789871188897432,0.07724828301789881,0.07659153680082606,0.07592862259238353,0.07525969533060667,0.07458491573886587,0.07390445050523964,0.07321847243983831,0.07252716061052158,0.0718307004573972,0.07112928388644153,0.07042310934254327,0.06971238186223847,0.0689973131000082,0.06827812136714587,0.06755503158497983,0.06682827528582827,0.0660980905605091,0.06536472169183487,0.06462842032335914,0.06388944341081923,0.06314805444529617,0.06240452296671058,0.06165912449754824,0.06091213996744055,0.060163856190605665,0.05941456514112079,0.05866456391047131,0.05791415443003904,0.057163643222055166,0.056413341129208025,0.0556635630136532,0.05491462747373124,0.05416685651378786,0.053420575217701605,0.052676111406312766,0.05193379528292044,0.05119395906756884,0.05045693662087948,0.049723063058221606,0.048992674355047554,0.04826610694425244,0.047543697306447266,0.04682578155406403,0.04611269501023749,0.04540477178343098,0.0447023443387954,0.04400574306726789,0.04331529585343187,0.04263132764317122,0.041954160012159444,0.04128411075758129,0.04062149338540235,0.03996661681760743,0.039319784887216644,0.03868129594856802,0.038051442468827135,0.037430510646890625,0.03681878000246945,0.03621652301413474,0.03562400474868814,0.035041433854633215,0.034469205477969084,0.03390741441724009,0.03335634132509227,0.03281620915059734,0.032287231506915176,0.03176961240364011,0.03126354599603236,0.03076921635167179,0.030286797235015983,0.029816451910290045,0.02935833266407757,0.028912581844224197,0.028479329918973187,0.02805869655891756
0.09352505918244788,0.09544876033748274,0.09718902861847083,0.09876186060949646,0.1001817419404774,0.10146179433432533,0.1026139082588012,0.10364886233548334,0.10457643096892824,0.10540548126265543,0.1061439691560031,0.10679947356355622,0.10737835606074721,0.10788673581180926,0.10833009136380951,0.10871340361822031,0.10904120241334953,0.1093176090251938,0.10954637360435131,0.10973090987615056,0.10987432604183568,0.10997945279158487,0.11004886864135995,0.11008492283328629,0.1100897561492926,0.11006531029861014,0.11001339172082189,0.10993559342719925,0.10983340280595433,0.10970816738455971,0.10956111583457029,0.10939336845001392,0.10920594681027573,0.10899978245622832,0.10877572486010376,0.10853454868287185,0.10827696040526272,0.10800360435400631,0.10771506827713449,0.10741188837344742,0.107094553942727,0.1067635116173474,0.1064191693186519,0.10606189974597988,0.10569204373273242,0.10530991335812151,0.10491579427647241,0.10450994895345582,0.10409261862055177,0.1036640255276919,0.10322437497598608,0.10277385718125409,0.10231264900090166,0.10184091553341765,0.10135881160156784,0.10086648312895516,0.1003640684187024,0.09985169934218903,0.09932950187879606,0.09879759942759622,0.09825611084792824,0.09770515153343722,0.09714483689311894,0.09657528095876915,0.09599659765815174,0.09540890149649597,0.09481230817401914,0.09420693519884155,0.09359290242212036,0.09297033255485844,0.0923393516454793,0.09170008952387718,0.09105268021359898,0.09039726231363285,0.08973397935111366,0.08906298010610726,0.08838441890949741,0.08769845591488033,0.08700525734526064,0.08630499571524276,0.08559785002932735,0.08488400595684009,0.08416365598395563,0.08343699954321554,0.08270424312089167,0.08196560034249728,0.08122129203671515,0.08047154627798048,0.07971659840793202,0.07895669102924903,0.0781920740127845,0.07742300441471962,0.07664974644406027,0.07587257137387907,0.07509175714298211,0.07430758947222534,0.07352035979093345,0.07273036641693147,0.07193791413392146,0.0711433135288701,0.07034688154859478,0.06954894067513734,0.06874981887461741,0.06794984929338158,0.06714936997972595,0.06634872358358593,0.06554825702538374,0.06474832118056767,0.06394927051752902,0.06315146273802394,0.062355258400908345,0.06156102053333498,0.06076911423019955,0.05997990624266298,0.05919376455661427,0.05841105796197628,0.05763215561379047,0.05685742658604993,0.056087239419280066,0.05532196166289402,0.05456195941337365,0.05380759684935058,0.053059235764677734,0.05231723510059837,0.05158195047813005,0.05085373373178865,0.05013293244578185,0.049419889516758755,0.04871494260579462,0.048018423828569815,0.04733065921875769,0.04665196831699435,0.04598266374529793,0.04532299573494125,0.04467337197067385,0.04403408180275237,0.04340529609986081,0.042787341928201494,0.04218048209784929,0.041584969859500234,0.04100104858639153,0.040428951473397784,0.03986890125397066,0.03932110993553556,0.03878577855390182,0.03826309694718261,0.037753243549661405,0.03725638488652361,0.03677267668870543,0.036302261825415315,0.03584527146503775
0.10372519090882341,0.10568875482224148,0.10746949621655412,0.1090832953704315,0.11054452697249775,0.11186620723061276,0.11306012647843575,0.11413696854592084,0.11510641820727795,0.11597725795752113,0.11675745505957559,0.11745423996105447,0.11807407470981474,0.11862322710636888,0.1191068068457846,0.11952983812472652,0.11989679563426968,0.12021174858005859,0.12047839838471244,0.12070011323564488,0.12087995829307542,0.12102072394406317,0.12112495087890475,0.12119495284886804,0.12123283732911203,0.12124052411750255,0.1212197622888593,0.12117214562974318,0.1210991261786993,0.12100202744970201,0.12088205548938448,0.1207403095003623,0.1205777912927461,0.12039541395767812,0.12019400975858059,0.119974337334473,0.11973708824856305,0.11948289302332829,0.11921232660801781,0.11892591339924918,0.11862413185265896,0.118307418668051,0.11797616021192223,0.11763075858101504,0.11727150969027729,0.11689873150351457,0.11651270432904087,0.11611368528898647,0.11570191157270435,0.11527760200286859,0.11484095919301959,0.11439217140487626,0.1139314142648833,0.11345885235865681,0.1129746407103102,0.11247892614842508,0.11197184859129297,0.11145354222725101,0.11092413662085575,0.11038375711462195,0.10983252831707707,0.10927057176172372,0.10869800694432719,0.10811495503211996,0.10752153718922478,0.106917875859039,0.10630409540455439,0.10568032268326646,0.10504668762425633,0.1044033237258648,0.10375036853883482,0.10308796411141742,0.10241625740227242,0.1017354006625758,0.10104555178858357,0.10034687464575338,0.09963953936539288,0.09892372261468393,0.0981996078408233,0.09746738548992542,0.096727253201247,0.09597941597721707,0.09522408632969037,0.09446148440278561,0.09369183807261833,0.09291538302420047,0.09213236280574129,0.09134302886055988,0.09054764053679766,0.08974646507510511,0.08893977756759165,0.08812786093019463,0.08731100578182596,0.08648951037533532,0.08566368013122641,0.08483382890864404,0.0840002766390118,0.0831633506726623,0.0823233852995543,0.08148072099512407,0.08063570505392453,0.07978869069975661,0.07894003694730645,0.07809010835092019,0.07723927465533914,0.07638791048129465,0.07553639494741457,0.0746851113386721,0.07383444670392476,0.07298479146460268,0.07213653900451766,0.07129008524655722,0.07044582821711956,0.06960416759918531,0.06876550427496622,0.06793023985910683,0.06709877622345416,0.06627151501444446,0.06544885716418826,0.06463120239636178,0.06381894872804203,0.06301249196864213,0.06221222521712261,0.06141853835867139,0.060631817562052395,0.0598524447788332,0.05908079724570231,0.05831724699108677,0.057562160371729815,0.05681589749291413,0.056078811884192226,0.05535118822650152,0.054633488796201765,0.053926044285138225,0.05322905375580547,0.05254289239217377,0.05186786443557537,0.05120426448179731,0.050552377106345955,0.0499124765105715,0.04928482618574076,0.04866967859581314,0.04806727487961528,0.04747784457305079,0.04690160535191849,0.04633876279584817,0.04578950983258041,0.04525402791221246,0.0447324847839263,0.04422503571853462,0.043731823040330645
0.1140414019572691,0.11604447856488179,0.11786534391173867,0.11951975834598827,0.12102198275882597,0.12238492562375153,0.12362027547127888,0.12473862008328107,0.1257495537281316,0.12666177370961354,0.12748316717019895,0.12822088925818023,0.1288814334080992,0.12947069466655076,0.12999391336971625,0.1304562932539554,0.1308619140051701,0.13121490674320788,0.1315189247231186,0.1317772905429121,0.13199302723382528,0.13216888525681536,0.13230736796780365,0.132410754213839,0.13248111844381902,0.13252034978940957,0.1325301586550528,0.1325121412162782,0.13246769488771434,0.13239812922743593,0.13230462811155705,0.13218827000977945,0.13205003736550644,0.13189082519508571,0.13171144891933073,0.1315126515036329,0.1312951099525817,0.13105944130048813,0.13080620802898646,0.1305359230556153,0.13024905429201158,0.12994602883989861,0.12962722468381205,0.12929303484012963,0.12894374940417053,0.12857967969003703,0.12820110040690674,0.12780826432590925,0.12740140469562788,0.12698073690355427,0.12654646129845148,0.12609876445737025,0.12563782104777227,0.1251637954123232,0.12467684304340174,0.12417711195143721,0.12366474393771631,0.12313987577901969,0.12260264033105991,0.12205316755746964,0.12149158479975924,0.1209180211131912,0.12033260122493994,0.11973545319099815,0.11912670568729088,0.11850648937821062,0.1178749375524781,0.11723218671611019,0.11657837715238548,0.11591365341719934,0.1152381648473716,0.11455206598839586,0.11385551701223832,0.11314868409947043,0.11243173979137719,0.11170486331308462,0.11096824086861984,0.11022206590869843,0.10946653937193013,0.10870186990003804,0.10792827402760478,0.10714597634678578,0.10635520964736515,0.10555621503247745,0.10474924201026899,0.10393454856173676,0.10311240118495099,0.10228307491584246,0.1014468533257215,0.10060402849568119,0.0997549009680346,0.09889977966798214,0.09803898183818754,0.09717283287811684,0.09630166585280885,0.09542582291885204,0.0945456526515864,0.09366151156710346,0.09277376358436598,0.09188277917561102,0.09098893609075506,0.09009261834896838,0.08919421613374735,0.08829412543595089,0.08739274775655392,0.08649048970751777,0.0855877626413333,0.08468498225693054,0.0837825681661459,0.08288094349300093,0.08198053441009864,0.0810817696856144,0.08018508021268167,0.07929089852700755,0.07839965831373201,0.07751179390458307,0.0766277397664215,0.07574792998230326,0.07487279772622266,0.07400277473272782,0.07313829076262711,0.07227977306602984,0.07142764584397883,0.07058232970995217,0.06974424115251951,0.06891379200044309,0.068091388891518,0.06727743274644121,0.06647231824899125,0.06567636475468583,0.06489009016319124,0.06411386725660333,0.06334792371394073,0.06259268409046034,0.06184849524306153,0.06111569443361273,0.06039460889981743,0.05968555546040033,0.05898884010269119,0.058304757624267275,0.05763359127624307,0.05697561243036965,0.056331080267091285,0.05570024148521338,0.05508333003377362,0.05448056686663391,0.05389215935996623,0.053318302556497735,0.05275917682372781,0.052214949149415935,0.05168577265316407
0.12443640589569487,0.12647852438684337,0.12833903677221117,0.13003358128483353,0.13157630341815132,0.13297999701193433,0.1342562654763879,0.1354155827558811,0.13646745828139373,0.13742050424062197,0.1382825278927839,0.1390606094506803,0.13976117208241645,0.14039004495857976,0.1409525200551271,0.14145340310545046,0.14189693488091665,0.14228745680034893,0.142628200013742,0.14292256744576876,0.14317354007676228,0.14338382931949695,0.14355590179895855,0.1436920018488943,0.1437941718790014,0.14386427070711813,0.14390398038079497,0.14391487073563736,0.14389831420541943,0.14385559718125895,0.1437878818225578,0.14369622630154488,0.14358159411329685,0.14344486260103917,0.14328683073069665,0.14310822614542246,0.14290971166771238,0.14269189117878756,0.14245531502536588,0.14220048495806561,0.14192785867061755,0.14163785393119746,0.14133085238595416,0.14100720312921988,0.14066722580761354,0.14031121365830468,0.1399394362119437,0.13955214183303402,0.13914955997356493,0.1387319035755996,0.13829937034949716,0.13785214559957773,0.13739040327449015,0.13691430771744345,0.13642401512980115,0.13591967493830384,0.13540143106488556,0.13486942310950711,0.13432378745251639,0.1337646582827381,0.13319216778675255,0.13260645014903885,0.13200763841891855,0.13139586553090385,0.1307712686456942,0.13013398687395772,0.12948416265807924,0.12882194236755448,0.12814747685386935,0.12746092196744288,0.12676243904293472,0.12605219532725942,0.12533036442245668,0.1245971266459841,0.12385266938888671,0.12309718743706574,0.12233088326442011,0.12155396729805587,0.12076665815620244,0.11996918285938396,0.11916177701531538,0.11834468497791814,0.11751815998079358,0.11668246424543775,0.11583786906443785,0.11498465485985644,0.11412311121697995,0.11325353689358918,0.11237623980489338,0.11149153698426384,0.1105997545199013,0.10970122746757441,0.10879629973268092,0.10788532396404828,0.10696866135183195,0.10604668111973131,0.10511976180944577,0.10418828870227445,0.10325265536282785,0.10231326226212055,0.1013705175977357,0.10042483617057847,0.09947663926799749,0.09852635431740142,0.09757441448149987,0.09662125830584821,0.09566732927880395,0.09471307540817618,0.09375894877413407,0.09280540506610457,0.09185290310914906,0.0909019043530818,0.08995287239473333,0.089006272441567,0.0880625707875711,0.08712223427453755,0.08618572974458122,0.08525352348510895,0.0843260806674806,0.0834038647806394,0.08248733706100952,0.08157695591998881,0.0806731763703794,0.07977644945311418,0.07888722166564802,0.07800593439338739,0.07713302334552975,0.0762689179966851,0.07541396542648651,0.07456880782257733,0.0737336258832594,0.07290889427790447,0.07209500325696892,0.07129233365424983,0.07050125643384615,0.06972213222510022,0.06895531087461448,0.06820113101297483,0.06745991965781147,0.06673199180236783,0.0660176500597359,0.06531718431142358,0.06463087138193392,0.06395897473652964,0.06330174420278617,0.06265941571646214,0.062032210713451316,0.06142033744202095,0.06082398850701909,0.06024334223625823,0.05967856217303981
0.13487709189602257,0.13695768075260434,0.1388572574431018,0.1405913370535172,0.1421739490808025,0.14361778410901754,0.14493432568318032,0.14613396899138242,0.14722612748285824,0.14821932881772384,0.14912130105984522,0.14993905024502874,0.15067893007938468,0.15134670469414205,0.15194760517438455,0.15248638024009176,0.15296734212017735,0.15339440775805474,0.15377113599435277,0.1541007610949025,0.15438622300083055,0.15463019464211764,0.15483510666561043,0.15500316965776004,0.15513639442955166,0.15523661020402324,0.15530548120515184,0.1553445216502369,0.15535510936220687,0.15533849812577086,0.15529582886528157,0.15522813991588472,0.15513637625574067,0.15502139797395537,0.15488398797203065,0.15472485896731547,0.15454465994213873,0.15434398197727628,0.1541233636152546,0.15388329576100845,0.15362422618592622,0.1533465636287159,0.15305068156898566,0.15273692177898146,0.15240559739599555,0.152056995945349,0.15169138203487698,0.15130899984355264,0.15091007546227742,0.15049481895408776,0.15006342643129808,0.14961608198781726,0.14915295873370243,0.14867422139720704,0.14818002709914346,0.1476705268900075,0.147145867016234,0.14660619010174836,0.14605163624936612,0.1454823440685119,0.14489845163476017,0.1443000965567507,0.14368742015784008,0.143060563979465,0.14241967077763296,0.14176488908880097,0.141096370683854,0.14041427196520653,0.13971875452580831,0.13900998566502523,0.13828813887066763,0.13755339426578234,0.13680593902662358,0.13604596774574135,0.13527368280997698,0.13448929470202228,0.1336930222954551,0.13288509311941427,0.1320657435893693,0.1312352192162573,0.13039377478560488,0.1295416745105049,0.1286791921581617,0.12780661115025319,0.1269242246373165,0.12603233554733367,0.12513125660866614,0.12422131034747147,0.12330282905972406,0.12237615475795703,0.12144163909284646,0.12049964324976484,0.11955053782044577,0.11859470264321736,0.11763252665314178,0.1166644072407097,0.11569075171804552,0.11471197444945956,0.1137284985703948,0.11274075446111412,0.11174918066718915,0.1107542226578269,0.10975633270623754,0.10875596950694436,0.1077535977752433,0.1067496877981196,0.10574471502814156,0.10473915959575125,0.10373350583586523,0.10272824179143697,0.1017238587013449,0.10072085047361541,0.0997197131495284,0.09872094433270961,0.09772504265210305,0.09673250716943045,0.0957438368005509,0.09475952972465793,0.09378008278720855,0.09280599089794309,0.09183774642537751,0.0908758385891767,0.08992075285183507,0.08897297031110511,0.08803296709462251,0.08710121375818317,0.08617809178804274,0.08526430751625225,0.0843600625277634,0.08346588209855685,0.08258220015752199,0.08170944152016572,0.08084802153034437,0.07999834541923852,0.07916080783013624,0.07833579233033339,0.07752367094145375,0.0767248036892897,0.07593953817085251,0.0751682091597914,0.07441113820045082,0.07366863325917755,0.07294098838262837,0.07222848338425308,0.07153138355614114,0.07084993940676754,0.07018438602864058,0.06953494447651823,0.06890181920203384,0.06828519948891956,0.06768525892763039
0.14533419653408217,0.14745260160839935,0.14939057358522592,0.15116350429144446,0.15278530744044067,0.15426856501338398,0.1556246587565253,0.15686388850867328,0.1579955784515767,0.1590281727055748,0.1599693211744024,0.16082595677752187,0.16160436482868365,0.16231024548465134,0.16294876998924077,0.16352463107739582,0.16404208859731229,0.16450501047666125,0.16491690968200876,0.16528082938488745,0.1656001137892516,0.16587695372336647,0.16611389274642335,0.16631310844121455,0.16647658071695334,0.16660610985178384,0.166703332986205,0.1667697287130539,0.16680668192462667,0.1668153934226158,0.16679699366006362,0.16675250160611643,0.16668284417234658,0.16658886462035716,0.16647133017059637,0.1663309390148764,0.16616832665133113,0.16598407170436258,0.16577870124045052,0.16555269563171135,0.16530649302606595,0.16504049341864685,0.1647550624181671,0.16445052318361036,0.164127217127652,0.16378539182049173,0.16342531866231444,0.1630472379018026,0.16265137243227704,0.16223792985860347,0.16180710456185468,0.1613590794518435,0.16089402785757903,0.16041211436836067,0.1599134973956119,0.15939832979088733,0.15886676029972627,0.15831893473971664,0.15775499710144159,0.15717509057589768,0.15657935851419705,0.15596794532442215,0.15534099642392327,0.15469866345357533,0.15404109614974473,0.15336845189006282,0.1526808919028685,0.15197858275059384,0.15126169688672864,0.1505304131744193,0.14978491736844457,0.14902540256264207,0.14825206960088746,0.14746512746563925,0.14666479360556123,0.1458512942835667,0.1450248648455501,0.14418574998448205,0.1433342039707957,0.142470490854495,0.14159488463936631,0.14070766942960977,0.1398091395485193,0.1388995996332047,0.13797936469610203,0.13704876016596623,0.1361081218990785,0.1351577961645266,0.13419813960303892,0.13322951915947207,0.1322523119890604,0.1312669053375462,0.1302736963953266,0.1292730921183802,0.12826550906156364,0.12725137267122083,0.12623111890374955,0.12520519106376754,0.12417404170439694,0.123138130947391,0.12209792750809298,0.12105390733238791,0.12000655347455928,0.11895635568605949,0.11790380998483475,0.11684941817677486,0.11579368741701057,0.11473712969120095,0.11368026130933007,0.11262360237610776,0.1115676762451719,0.11051300895816617,0.10946012866982416,0.10840956506023987,0.10736184873556186,0.10631751062266447,0.10527708133338246,0.10424109056425024,0.10321006644675432,0.10218453491455355,0.10116501906303661,0.1001520385070699,0.09914610873844336,0.09814774048453585,0.09715743906973036,0.09617561353615778,0.09520302723996954,0.09423989478065656,0.09328678383826237,0.09234416334664151,0.09141249314822925,0.09049222344729607,0.08958379412575589,0.0886876343812116,0.08780416207394902,0.0869337832477121,0.08607689163898469,0.08523386820718085,0.08440508068681918,0.08359088315942295,0.08279161566580176,0.08200760381009657,0.08123915842260748,0.08048657523224825,0.07975013456927518,0.07903010109548182,0.07832672314872859,0.07764023418513687,0.07697085010845614,0.07631877077207758,0.0756841794368653
0.1557819703497322,0.1579374709334583,0.15991310009475104,0.16172412699517288,0.16338435042945665,0.1649062447655056,0.16630109109223745,0.16757909511514985,0.1687494930162285,0.16982064667049993,0.17080012912170217,0.17169480146379287,0.1725108818861498,0.17325400780788366,0.1739292918297345,0.1745413718565378,0.1750944564640006,0.17559236562356909,0.17603856743759405,0.17643621125156173,0.17678815751820112,0.17709700475108267,0.17736511392879153,0.17759463040039844,0.17778750389719286,0.17794550644558546,0.17807024873823396,0.1781631845720736,0.1782256758446038,0.1782589015255974,0.17826397192512666,0.17824188711167366,0.17819355638542503,0.17811980659660306,0.17802138970654457,0.1778989897421972,0.17775322908333244,0.17758467423798807,0.1773938411158195,0.1771811998711267,0.17694717930966283,0.17669217096235212,0.17641653281002476,0.17612058150967594,0.1758046515286544,0.1754689861310969,0.17511385193093515,0.1747394854500502,0.1743461065921464,0.1739339206950925,0.1735031205945169,0.17305388836358046,0.17258639701774292,0.172100812080427,0.17159729322671105,0.17107599488383674,0.17053706863612325,0.1699806636353662,0.16940692789618275,0.16881600932139906,0.16820805666238578,0.167583220416444,0.16694165269493313,0.16628351192364527,0.1656089585645452,0.16491815611564706,0.16421127629333584,0.16348849590336262,0.16274999833825232,0.161995974096443,0.16122662126449883,0.16044214596386808,0.1596427627634732,0.15882869505924657,0.15800017542157785,0.15715744591680803,0.15630075837139984,0.15543037466011786,0.1545465669103297,0.1536496177046886,0.15273982024957786,0.15181747851512478,0.1508829073470089,0.14993643255024647,0.14897839094509496,0.14800913039519722,0.14702900980806607,0.14603839910799593,0.14503767918082344,0.14402724179460352,0.14300748948636183,0.1419788354282598,0.14094170325482913,0.13989652690798982,0.13884375036423718,0.13778382695255514,0.13671722108003398,0.13564440478253853,0.134565859603423,0.13348207579459131,0.13239355137419984,0.1313007927121081,0.13020431337526484,0.1291046338882812,0.12800228127642294,0.12689778855692735,0.12579169426797368,0.12468454191908922,0.12357687945237947,0.1224692586800153,0.12136223470502522,0.12025636532653095,0.11915221043062647,0.11805033136815271,0.1169512903206748,0.1158556496560186,0.1147639712747682,0.11367681595331272,0.11259474265997665,0.11151830790834508,0.1104480650655709,0.10938456368027563,0.10832834880632583,0.10727986245977865,0.10623993229037927,0.10520879222990144,0.10418706051780179,0.10317524970692088,0.10217386389012954,0.10118339806970805,0.10020433753952707,0.09923715728153036,0.09828232140906949,0.09734028247083117,0.09641148108871174,0.09549634529789319,0.09459529006796286,0.09370871681410727,0.09283701293170857,0.09198055135538899,0.09113969014347066,0.09031477208561967,0.08950612435327901,0.08871405814642629,0.0879388684004576,0.08718083350617799,0.08644021463235795,0.08571725722992901,0.08501218826028911,0.08432521776208302,0.0836565382932889
0.16619785149651328,0.1683896744347872,0.17040216855880377,0.17225048155225964,0.17394829861267608,0.17550798794656142,0.1769407314762409,0.17825664230573773,0.17946487015629906,0.18057369618431215,0.18159061807337995,0.18252242654553918,0.18337527410433627,0.18415473677021288,0.1848658698143702,0.18551325755837786,0.18610105849211245,0.18663304575711057,0.18711264365810765,0.18754296056851738,0.18792681860344868,0.18826678039582237,0.1885650016844223,0.18882411134937976,0.18904551471858913,0.18923112792363606,0.18938253586920226,0.18950117853501092,0.18958836430191528,0.18964528198022249,0.18967301184328955,0.18967253555943056,0.18964474525985459,0.18959045181187598,0.18951039231671993,0.1894052370112429,0.1892755955106564,0.18912202254027774,0.1889450231708609,0.18874505762667268,0.18852254566183602,0.18827787060580659,0.18801138306336698,0.18772339340523875,0.18741422944890293,0.18708413029922719,0.18673335800885404,0.18636214556657285,0.18597071005842986,0.18555925478366786,0.18512797114138324,0.18467704054749676,0.18420663603632803,0.183716923842073,0.18320806485148367,0.1826802161549176,0.18213353150997552,0.1815681637247925,0.18098426494542477,0.18038198788967136,0.1797614868052351,0.17912291836810929,0.17846644252250307,0.17779222224257335,0.17710042938721388,0.1763912351472593,0.17566482092718197,0.17492137382424156,0.17416108821082743,0.17338416625395586,0.17259081839752277,0.17178126380872868,0.17095573078990142,0.17011445715678,0.1692576905841698,0.16838568891974665,0.16749872046666409,0.16659706424018145,0.16568101017052814,0.16475085932357647,0.16380692404448285,0.1628495280933654,0.16187900675294942,0.16089570690132882,0.15989998705887343,0.15889221740581677,0.15787277977119407,0.15684206759319846,0.15580048585102266,0.15474845096825993,0.1536863906879507,0.15261474391937838,0.15153396054665136,0.15044450126104436,0.1493468372595772,0.14824144950266338,0.14712883059925375,0.1460094810526352,0.14488391130869854,0.14375264089240525,0.1426161973884382,0.14147511709194732,0.14032994375346608,0.13918122833334334,0.13802952851412087,0.13687540816260743,0.13571943682684323,0.13456218915581944,0.13340424432843884,0.1322461854584001,0.1310885989819166,0.12993207402947304,0.1287772017828896,0.12762457481901407,0.12647478644142335,0.12532843000156363,0.12418609821080755,0.12304838244495038,0.12191587204270489,0.12078915359979198,0.11966881026416049,0.11855542101042685,0.11744945449977953,0.11635179562971706,0.1152626902894044,0.11418279920754767,0.11311266998933395,0.11205284188958684,0.11100384514196326,0.10996620030036346,0.10894041759415356,0.10792699629875913,0.10692642415616953,0.10593917664751674,0.10496571662038472,0.10400649359992277,0.10306194329224497,0.10213248707727729,0.10121853152641311,0.10032046794605419,0.0994386719480302,0.09857350304780747,0.09772530428826998,0.0968944019081314,0.09608110500961638,0.09528570528755052,0.09450847632792084,0.09374967517213281,0.09300953944831518,0.09228828900087288,0.09158612531782499
0.17656215428434655,0.17878948625576901,0.18083801194331567,0.1827227591835191,0.18445730130113985,0.18605390208755399,0.1875236461078674,0.18887655560707173,0.19012169559624542,0.19126726821239198,0.192320697425334,0.19328870517883714,0.19417737978736527,0.19499223737675736,0.1957382771734032,0.19642003131348834,0.1970416094110558,0.19760673894800854,0.1981188015345458,0.19858086561017932,0.19899571592824367,0.1993658801573226,0.1996936529702025,0.1999811176415813,0.20023016579366434,0.20044251505581773,0.2006197252092236,0.20076321272028205,0.20087426397796865,0.20095404712788514,0.2010036235514647,0.20102395666586076,0.20101592199710422,0.20098031484548534,0.20091785784460967,0.2008292078110113,0.20071496194159172,0.20057566350090233,0.20041180703756573,0.20022384312293995,0.20001218273401988,0.1997772012539245,0.19951924215176814,0.19923860974368235,0.19893562539560436,0.19861052426922818,0.1982635640430091,0.19789497435230663,0.19750496964351588,0.1970937512962857,0.19666150946854513,0.1962084250440784,0.19573467120857901,0.19524041503124,0.19472581891410942,0.194191041942685,0.19363624135332655,0.1930615728718255,0.19246719307775567,0.19185325958145594,0.19121993219641886,0.1905673738408919,0.18989575137638953,0.1892052352852601,0.18849600488101342,0.18776824326615543,0.1870221383398895,0.1862578885803784,0.1854756993480151,0.18467578447811306,0.18385836676301354,0.18302367839797892,0.18217196139204528,0.18130346794484206,0.18041846079024032,0.17951721350755534,0.17860001080091525,0.1776671487472967,0.1767189350136446,0.1757556890479367,0.174777742217012,0.17378543796062101,0.17277913186866556,0.17175919175228255,0.17072599768038693,0.16967994198715936,0.1686214292467755,0.16755087622480314,0.1664687117938412,0.16537537682280218,0.16427132403618672,0.16315701784406855,0.16203293414291767,0.1608995600778449,0.15975739382525,0.15860694424580923,0.15744873015684385,0.156283281910775,0.15511113796645726,0.15393284678885216,0.15274896517942038,0.1515600589979192,0.15036670180454276,0.1491694746138292,0.14796896536946036,0.14676576838125782,0.1455604837897191,0.14435371695529994,0.14314607785545758,0.14193818045729367,0.14073064207258712,0.13952408269648608,0.13831912433119387,0.13711639029604197,0.13591650452540066,0.13472009085593073,0.13352777230473023,0.13234017033997214,0.1311579041456716,0.12998158988709538,0.12881183994938844,0.1276491490993152,0.1264944593482309,0.1253480279685672,0.12421055801121668,0.12308263194808997,0.12196482407998115,0.12085769982525826,0.11976181502083101,0.1186777152362781,0.11760593510279534,0.11654699765858573,0.11550141371226706,0.1144696812594938,0.1134522847509711,0.1124496947246356,0.11146236711731576,0.11049074277480114,0.10953524695318312,0.10859628884750132,0.10767426114871542,0.10676953962993428,0.10588248276274012,0.1050134313613906,0.10416270827339916,0.1033306180722267,0.10251744635120352,0.10172346134291482,0.10094891095741498,0.10019402447260423,0.09945901194775575
0.18685777721547103,0.18911977533747942,0.19120346911138586,0.19312376851178142,0.1948941369965863,0.1965267359720368,0.1980325546069837,0.1994215262583275,0.20070263310907957,0.2018840000957715,0.20297297923485744,0.2039762253648022,0.20489976419289813,0.20574905343771263,0.20652903779615617,0.2072441984829927,0.20789859753673867,0.20849591797587386,0.20903949983965128,0.20953237268780517,0.20997728489975442,0.21037673010493543,0.21073297111875125,0.21104806139143512,0.21132386462529154,0.21156187732392626,0.21176421977077572,0.2119317005721968,0.21206576899094215,0.21216760525402426,0.2122382199319191,0.21227856969003722,0.21228951377594513,0.21227183233737484,0.21222623392131273,0.21215336229461723,0.2120538025687545,0.21192808687119533,0.2117766995066075,0.211600081686267,0.21139863586688493,0.21117272972950443,0.21092269983659778,0.21064884462151917,0.21035147932869558,0.21003083523650087,0.20968716586874342,0.20932069767260647,0.20893164261200775,0.2085202002829123,0.20808655974447765,0.20763090147029328,0.20715339891287757,0.2066542200829232,0.20613352899554704,0.2055914870185675,0.2050282541602398,0.20444399031248855,0.20383885577189034,0.20321301329079722,0.20256662829903213,0.20189986999450663,0.2012129121879354,0.20050593408788486,0.19977911988060132,0.19903266520525661,0.19826676622418798,0.19748163179624756,0.196677478249354,0.19585453105749795,0.19501302532252726,0.19415320621932464,0.1932753294054979,0.19237966139654106,0.19146647990727472,0.19053607416024865,0.18958874516166932,0.18862480594531236,0.18764458178479376,0.1866484103744926,0.18563664197935126,0.18460963955806917,0.18356777883349984,0.18251144837678757,0.18144104961582438,0.18035699683585402,0.17925971714487515,0.1781496504084832,0.17702724915419185,0.17589297844528134,0.174747315724895,0.17359075062657392,0.17242378476110423,0.17124693145653153,0.17006071552466973,0.16886567288835852,0.16766234979929223,0.16645130454480275,0.1652331037548433,0.16400832445795632,0.16277755228537225,0.16154138226216694,0.16030041735106001,0.1590552681953825,0.15780655256381781,0.15655489478170453,0.15530092511294097,0.15404527917127098,0.1527885972648147,0.1515315237216754,0.15027470624347442,0.1490187951908367,0.1477644428793486,0.14651230285651223,0.14526302916638753,0.14401727560349953,0.1427756949576366,0.1415389382512125,0.14030765397090486,0.13908248729531936,0.13786395845528449,0.13665306628478674,0.13545007879574494,0.13425574105948868,0.13307067011574272,0.13189547507957128,0.13073075639108755,0.12957710507978404,0.12843510203309416,0.12730531728716946,0.12618830932943195,0.12508462441944485,0.12399479592892243,0.12291934370245558,0.12185877347464213,0.12081357613871475,0.11978422738724342,0.11877118702952819,0.11777489851273115,0.11679578843622096,0.11583426609567121,0.1148907230578617,0.11396553276703669,0.11305905018357387,0.11217161145561944,0.11130353362143063,0.11045511388369392,0.10962663127119222,0.10881834359914788,0.10803048921563572,0.10726328640218447
0.19706993289259706,0.19936573376588776,0.20148371153071135,0.20343866051332163,0.20524393654007397,0.2069116008298493,0.20845254929856485,0.20987662848879157,0.21119273974692424,0.2124089327358371,0.21353248931787372,0.21456999895407655,0.2155274264084739,0.21641017251828815,0.21722312890152298,0.21797072726146074,0.21865698331060118,0.21928553682480717,0.21985968740469988,0.220382426786959,0.220856467951828,0.2212842714674157,0.22166806910263115,0.2220098853077876,0.22231155661820418,0.22257474909195135,0.2228007675390559,0.22299160334401094,0.22314786981273324,0.22327093447213978,0.22336178958984412,0.22342137487188524,0.2234505337198055,0.22345003153230703,0.22342056315128006,0.22336275963574848,0.22327719434550403,0.2231643885742403,0.22302481667686858,0.22285891076837844,0.22266706503527844,0.22244963969004705,0.2222069646064646,0.22193934266372345,0.22164704232092494,0.2213303529576594,0.2209894825496343,0.22062466498549885,0.2202361098876729,0.21982401519527986,0.2193885689985178,0.21892995146050553,0.21844833640394043,0.21794389287153865,0.21741678657272911,0.21686718122977966,0.21629523983437807,0.2157011258505498,0.21508500439189138,0.21444704263189884,0.21378741184554736,0.21310628753215793,0.2124038504611822,0.21168028745773393,0.21093579090124803,0.2101705644235298,0.20938481713259324,0.20857876463122615,0.2077526353700045,0.20690666640645133,0.20604110508687992,0.20515620949068267,0.20425224883868204,0.203329503866451,0.20238826716336428,0.20142884347801832,0.20045154999053505,0.19945671655217495,0.1984446858925851,0.19741581379494444,0.19637046923919324,0.19530903451349016,0.19423190529836237,0.19313949069709485,0.19203221327938813,0.19091050904804852,0.18977482739712637,0.18862563103387336,0.18746339586919947,0.18628861087666704,0.1851017779200878,0.18390341154980863,0.1826940387678173,0.18147419876183002,0.18024444259968259,0.17900533293913723,0.17775744308392777,0.17650135887377005,0.17523767471363644,0.17396699578856895,0.17268993614020986,0.17140711952902565,0.17011917787841613,0.1688267510098153,0.16753048605913745,0.16623103687851903,0.16492906338904353,0.16362523096068077,0.16232020972142025,0.1610146738767696,0.15970930098053798,0.1584047712392373,0.15710176675009313,0.15580097075053023,0.15450306685009924,0.15320873825160963,0.15191866696316988,0.15063353300287965,0.14935388462749294,0.14808065371721846,0.14681450857922615,0.14555585621647668,0.144305483300126,0.14306404102449674,0.14183217297489376,0.14061051434008753,0.13939969113429626,0.13820031943054245,0.13701300460723714,0.1358383406090022,0.1346769092283744,0.13352927939797954,0.1323960065110546,0.13127763175980373,0.13017468153391906,0.12908766666309346,0.128017082050553,0.12696340596682248,0.12592709955754877,0.12490860634411685,0.1239083517554271,0.12292674269180043,0.12196416712187844,0.12102099371328086,0.1200975714976795,0.11919422957083842,0.11831127633501094,0.11744900124319028,0.11660767164567695,0.11578753460758262,0.11498881629453277
0.20718590039945242,0.2095146279472816,0.21166599300419303,0.21365467672997507,0.2154939297176398,0.21719571533124774,0.2187708384844528,0.2202290610673377,0.22157920566268255,0.22282924860166936,0.22398640348005777,0.2250571961414112,0.22604753203957495,0.22696275675182276,0.2278077102542388,0.2285867760920981,0.22930392498259716,0.2299627546545869,0.23056652539907502,0.2311181921871667,0.2316204335995391,0.23207567801180656,0.23248612705392405,0.23285377695804635,0.2331804378368074,0.23346775100739758,0.23371720481489258,0.23392993055727423,0.23410780701736125,0.23425128894072184,0.2343616013484578,0.23443965670127015,0.2344862829708135,0.23450223120053243,0.23448818289417772,0.23444475674493367,0.23437251467958825,0.23427196745499196,0.23414357975291109,0.2339877748496418,0.23380493890125775,0.23359542487469792,0.2333595561623217,0.23309762990762056,0.23280990978760924,0.2324966802171326,0.2321581462592033,0.2317945386811107,0.23140606489238857,0.23099292129588492,0.23055529510669712,0.2300933662935089,0.2296073091217248,0.22909729374574173,0.22856348763575146,0.2280060569253507,0.22742516766673423,0.22682098725178584,0.22619368450895372,0.2255434322423553,0.2248704071762832,0.2241747911110973,0.2234567717656833,0.22271654356609144,0.22195430838411995,0.2211702749406755,0.22036466587349285,0.21953770549658636,0.21868963319892964,0.21782069754433506,0.21693115803597984,0.21602128555964611,0.21509136279056737,0.21414168456474159,0.21317255821542788,0.21218430387541654,0.21117725474555,0.21015175732987426,0.20910817163771445,0.20804687135289468,0.206968243970262,0.2058726908996188,0.20476062753713403,0.2036324833042656,0.2024887016582969,0.2013297400496871,0.20015606988894627,0.1989681764384579,0.19776655869342005,0.19655172922598046,0.19532421399699473,0.19408455213549825,0.19283329568601615,0.19157100932388343,0.19029827002922606,0.18901566677887605,0.18772379953893492,0.1864232812935298,0.18511473380039928,0.18379878996663057,0.18247609180005628,0.1811472913414208,0.1798130490085798,0.1784740333248766,0.17713092030706934,0.17578439283346028,0.17443513999134677,0.17308385637888918,0.17173124143154306,0.1703779986818551,0.16902483502884447,0.16767245996037838,0.16632158480981776,0.16497292194819163,0.1636271839890452,0.16228508297739241,0.1609473295696064,0.1596144953523902,0.15828755977117553,0.1569672232933673,0.15565391003485984,0.15434844772672363,0.15305152119761115,0.1517638080502966,0.15048597783727924,0.14921869124467288,0.1479625992863411,0.14671834251022225,0.1454865502187608,0.1442678397053247,0.14306281550845207,0.14187206868571778,0.14069617610895951,0.1395356997817255,0.13839118618541574,0.13726316567967173,0.13615215175618467,0.13505864068497486,0.13398311082132353,0.1329260221308406,0.13188781570945324,0.1308689133369224,0.1298697170647703,0.1288906088393847,0.12793195015892017,0.12699408177689156,0.1260773229178125,0.12518197307164805,0.12430830877175653,0.12345658545984925,0.12262703685819691
0.21719480045444656,0.2195555723042156,0.22173942215769163,0.2237609204290299,0.22563321504868794,0.22736817394899655,0.2289765133651071,0.2304679128214529,0.23185111803038733,0.2331340342096256,0.2343238084916899,0.2354269049551484,0.23644917121217343,0.23739589932320845,0.23827187905217934,0.23908144717205493,0.239828530666238,0.24051668642517093,0.24114913654964254,0.24172880029218732,0.24225832280715046,0.24274010118352685,0.24317630775804744,0.2435689113318004,0.24391969632579608,0.24423028000244146,0.2445021281679722,0.2447365693530538,0.24493480766435044,0.24509792328757718,0.2452269388143186,0.24532271747731615,0.24538608328177214,0.2454177732991629,0.2454184560517202,0.2453887381985651,0.2453291705420283,0.24524025358898807,0.2451224426146456,0.24497615230416692,0.2448017610128965,0.24459961467513952,0.24437003039889393,0.24411329977402824,0.24382968184887058,0.2435194562713123,0.24318282528971313,0.24282001669362466,0.24243123579698544,0.242016677545827,0.24157652845742383,0.24111096830110193,0.24062017189473728,0.24010431056448206,0.23956355359454856,0.2389980695731853,0.23840802764658947,0.23779359895508495,0.23715495666556502,0.23649227860742095,0.23580574715213898,0.23509555038599217,0.23436188295300175,0.23360494684412755,0.2328249521357147,0.2320221163123168,0.23119667042948727,0.230348852638077,0.22947890921979938,0.22858710146881686,0.22767370093817654,0.22673899120218727,0.22578326826161005,0.22480684091281264,0.22381003108155878,0.22279317412198044,0.22175661908117003,0.22070072892973258,0.21962588075855316,0.21853246594197057,0.21742089026747613,0.21629157403202026,0.21514495210496373,0.21398147395768408,0.21280160365982886,0.21160581984219634,0.21039461562997472,0.20916849852353908,0.20792799028449915,0.20667362674911766,0.20540595762831865,0.20412554627040602,0.20283296939066447,0.20152881676801707,0.200213690908968,0.19888820667057056,0.19755299029249532,0.1962086814608266,0.1948559288428366,0.1934953926152055,0.19212774228684504,0.1907536577007564,0.18937382728725788,0.18798894777478453,0.18659972355605517,0.18520686602644007,0.18381109289785527,0.18241312749360888,0.1810136980007386,0.17961353674102937,0.1782133793868288,0.17681396417875667,0.17541603110194137,0.17402032109663124,0.17262757520651428,0.17123853374110026,0.16985393542408625,0.1684743721459087,0.16710101004322164,0.1657341447448502,0.1643746443902479,0.16302322681844916,0.16168060309197269,0.16034747663691634,0.1590245423899768,0.15771248595443685,0.15641198276714768,0.15512369727851322,0.15384828214745322,0.152586377453288,0.15133860992644005,0.15010559219980057,0.1488879220825481,0.14768618185814092,0.146500937608137,0.145332738601211,0.1441821165205494,0.14304958510221116,0.14193563943499798,0.14084075545400968,0.1397653894631366,0.13870997767521176,0.13767493579142498,0.13666065861731008,0.13566751971597207,0.13469587109909723,0.1337460424389638,0.13281834290557631,0.1319130578685969,0.13103045081250622,0.13017076270239303
0.22708739176779413,0.22947932505276059,0.23169475679551704,0.23374814981456415,0.2356525518086722,0.23741973776759495,0.23906033761119655,0.2405839506764394,0.24199924820931235,0.2433140659724376,0.24453548659183963,0.2456699142318114,0.24672314054119426,0.24770040517527617,0.24860644956356215,0.2494455647021871,0.25022163537675796,0.2509381787418928,0.2515983798143125,0.25220512313596993,0.2527610214512897,0.25326844139831667,0.2537295268686689,0.25414622000372855,0.2545202802519042,0.25485330148380536,0.25514672759750384,0.25540186661106523,0.2556199034327926,0.25580190027395167,0.2559488629988822,0.25606163911757185,0.2561410380447337,0.25618778325224517,0.2562025306268006,0.2561858751148385,0.25613835669259216,0.2560604658938216,0.2559526488438599,0.25581531187451984,0.25564882576040004,0.2554535296063811,0.25522973442345964,0.25497772642022243,0.25469776016118323,0.25439011071135975,0.25405497759757445,0.253692585760005,0.2533031385277829,0.2528868295092152,0.2524438445327589,0.2519743633127368,0.2514785612683511,0.25095661093788824,0.2504086834649424,0.24983494992372712,0.2492355825756336,0.24861075632063406,0.2479606486650338,0.2472854424546773,0.2465853256893244,0.2458604927121813,0.2451111450533113,0.24433749221930615,0.24353975243218237,0.24271815332011382,0.24187293116035014,0.2410043384899403,0.24011263064592975,0.23919808029999653,0.2382609709322524,0.23730159867083586,0.23632027269606748,0.2353173156073072,0.23429306375389886,0.23324786753071175,0.2321820916386758,0.23109611531061133,0.22999033250257694,0.22886515205088728,0.22772099779489569,0.2265583086655889,0.22537753874000865,0.22417915726148308,0.22296364862564272,0.22173151233217692,0.22048326290230125,0.21921942976557202,0.2179405570937308,0.21664720363812615,0.21533994249436172,0.21401936085232598,0.21268605970819443,0.21134065354255788,0.20998376996491783,0.20861604931571365,0.20723814364223025,0.20585071889422352,0.20445445018821756,0.20305002450249854,0.20163813836360028,0.20021949892946028,0.19879482213915026,0.19736483241764166,0.19593026201474617,0.19449185031545643,0.19305034312525954,0.19160649193168944,0.19016105314737225,0.1887147873123279,0.18726845831666078,0.1858228325651144,0.18437867814568867,0.1829367639851338,0.18149785896420856,0.18006273107729198,0.17863199422845422,0.17720686884345466,0.17578765798333604,0.17437526943884202,0.17297045333611483,0.17157395353873,0.17018650675385535,0.16880884164383492,0.16744167794531584,0.16608572559802376,0.16474168388527938,0.1634102405883266,0.1620920711565067,0.1607878378952812,0.15949818917405229,0.1582237586556808,0.15696516454953774,0.15572300888985757,0.1544978768410868,0.15329033603183911,0.15210093595680302,0.1509302072195281,0.14977866118932465,0.14864678932121728,0.1475350626731853,0.14644393145380386,0.14537382459019982,0.14432514933733404,0.14329829092589208,0.1422936122493267,0.14131145306054652,0.14035213185851275,0.13941594251436462,0.1385031562384187,0.13761402093689087
0.23685588785961328,0.23927810335676733,0.2415242188249948,0.24360859195453727,0.24554417295114722,0.24734264636672693,0.24901455819286594,0.250569429834839,0.25201586013004285,0.25336161752887343,0.2546137221076867,0.2557785195135254,0.25686174730379696,0.25786859450492255,0.25880375508875975,0.25967147617704167,0.26047560131778197,0.26121960922879023,0.26190664877713576,0.2625395709007785,0.2631209567361619,0.2636531435632389,0.26413824754051973,0.2645781849044273,0.26497469083217906,0.26532933645437523,0.26564354436655413,0.2659186026629229,0.2661556774981034,0.2663558136750616,0.26652000074887877,0.2666490709352419,0.26674381943822284,0.2668049564982129,0.26683312569930434,0.26682891058621994,0.26679284059734315,0.2667253965603109,0.2666270156973279,0.26649809621609694,0.26633900152018275,0.26615006407932823,0.2659315889857178,0.2656838572298616,0.2654071190293262,0.265101645037774,0.2647676321452888,0.2644053025680953,0.2640148577444197,0.26359649003188595,0.2631503846445378,0.2626767213086042,0.26217567608220993,0.2616474227801254,0.26109213442101864,0.26050998458971714,0.2599011489787292,0.2592658053311146,0.25860413639900415,0.25791632971875245,0.2572025788876974,0.25646308446497923,0.2556980548153476,0.25490770689924314,0.2540922670120606,0.2532519714751447,0.2523870657971632,0.2514978126929769,0.2505844778061834,0.24964734506264588,0.2486867097312079,0.24770288034326027,0.24669617909909763,0.24566694222910207,0.24461552032253095,0.2435422786195094,0.2424475972673941,0.2413318715417762,0.2401955120323116,0.23903894479349652,0.23786261146045543,0.23666696932976164,0.23545249140527633,0.23421966640896996,0.23296899875667693,0.2317010084987253,0.2304162312253929,0.2291152179371475,0.2277985348796545,0.22646676334680782,0.2251204994320284,0.22376035377817954,0.22238695125818125,0.22100093063832738,0.21960294420350962,0.2181936573369726,0.21677374744781494,0.21534390628396233,0.21390483494132204,0.2124572467155577,0.2110018646602848,0.20953942274572793,0.20807066390828183,0.20659633974906685,0.2051172098460633,0.20363404103686428,0.20214760667587395,0.2006586858672625,0.19916806267507628,0.19767652531561475,0.19618486531169577,0.19469387666575985,0.1932043549791989,0.19171709657589994,0.1902328976092048,0.1887523929261043,0.187276856319219,0.18580659726709453,0.1843425623604971,0.18288553319459647,0.18143628567855916,0.17999558910953675,0.1785642052504488,0.17714288741374307,0.17573237955331378,0.17433341536674885,0.17294671741006284,0.17157299622704225,0.17021294949530202,0.1688672611911054,0.1675366007749548,0.16622162239989935,0.1649229641444458,0.16364124727188262,0.16237707551775227,0.1611310344071194,0.15990369064253188,0.15869559132645983,0.15750726361456244,0.1563392140177159,0.15519192791055178,0.15406586907007686,0.15296147923597753,0.15187917771358617,0.15081936101679638,0.14978240255147024,0.1487686517975724,0.14777843624365367,0.14681205794018393,0.1458697955167607,0.14495190352958154
0.24649379265069407,0.24894541893117655,0.25122132819343407,0.25333577589107636,0.2553016113337095,0.2571304492249128,0.2588327358706787,0.26041792308932293,0.2618945394079389,0.26327028795046536,0.2645521280314458,0.2657463487407582,0.26685863495210954,0.2678941265794859,0.2688574717772973,0.2697528749736658,0.27058413959575656,0.2713547070278368,0.27206769131955033,0.272725910700983,0.2733319156409697,0.27388801477281716,0.2743962973946186,0.2748586545736532,0.27527679790088383,0.27565227640079515,0.27598649195652497,0.2762807132597614,0.2765360882988496,0.2767536559549792,0.27693435665852273,0.27707904101532177,0.27718847930978424,0.27726336889393927,0.2773043413760844,0.27731196919988255,0.2772867715441709,0.27722921978783643,0.2771397424879768,0.2770187299464403,0.2768665383984305,0.276683493863455,0.27646989568443775,0.2762260197884654,0.2759521121755435,0.27564843924799964,0.2753151953397606,0.2749526000553624,0.2745608530311494,0.27414014545128074,0.2736906619810989,0.2732125824132462,0.2727060834919634,0.2721713403299584,0.27160852785410794,0.2710178221674924,0.2703994017834793,0.2697534491120069,0.26908015029761384,0.2683796981478586,0.26765229181676603,0.2668981380280363,0.26611745191919345,0.2653104578320102,0.26447739005205717,0.2636184934998712,0.26273402281077596,0.2618242492511478,0.2608894531757998,0.25992992509446816,0.2589459734245688,0.257937918943092,0.25690609669708114,0.25585085636206933,0.25477256257215464,0.2536715952048963,0.25254834963426753,0.25140323694674194,0.2502366841215222,0.24904913417500524,0.2478410462695148,0.2466128957863,0.2453651743627601,0.2440983898938366,0.24281306649750475,0.2415097444442904,0.24018898005074568,0.2388513455368351,0.23749742884720115,0.23612783345470129,0.23474317802064815,0.23334409627903246,0.23193123654944842,0.23050526145721928,0.22906684752458728,0.2276166847299241,0.22615547609440806,0.22468393655325647,0.22320279484397187,0.22171278937207684,0.22021466922205496,0.21870919466173366,0.21719713510738964,0.2156792688087677,0.21415638213640242,0.2126292688372395,0.2110987292641931,0.20956556960486458,0.20803060096770498,0.20649463868505075,0.20495850133702356,0.2034230099786436,0.2018889871221096,0.20035725590839593,0.19882847098307133,0.19730395846814314,0.19578403320878962,0.1942696796351437,0.19276170990319527,0.19126093112479722,0.18976814439146894,0.18828414385028275,0.18680971573380395,0.18534563742176582,0.18389267650645733,0.18245158986911905,0.18102312276956206,0.17960800795119705,0.17820696476362907,0.17682069830492386,0.17544989858560442,0.17409523971637392,0.17275737912149525,0.17143695677968074,0.1701345944942651,0.16885089519434582,0.16758644230931125,0.16634179897154974,0.16511750766972436,0.16391408951696468,0.16273204378409223,0.16157184739667219,0.1604339545045451,0.1593187960755468,0.15822677953378983,0.1571582884397441,0.15611368165854284,0.1550932953408315,0.15409743940618692,0.1531263996089577,0.1521804368770912
0.25599575329611945,0.2584759297646642,0.2607807545402238,0.2629243835378548,0.2649195799298232,0.2667778548915256,0.26850959367644656,0.27012416860891936,0.27163004001355096,0.2730348476515715,0.2743454918952467,0.2755682070025257,0.2767086267563437,0.27777184344714795,0.27876246079858236,0.27968464175734825,0.28054215099290536,0.2813383936538363,0.2820764498898809,0.282759106202746,0.2833888833451773,0.2839680621161596,0.28449870572527347,0.2849826807876741,0.2854216759721969,0.28581721881600697,0.28617069106276366,0.28648334253378815,0.28675630354500403,0.2869905964381826,0.28718714617208607,0.2873467889092276,0.2874702814560081,0.2875583086150124,0.28761149033264816,0.2876303882420477,0.2876155115311019,0.28756732237798927,0.2874862409033995,0.28737264971379844,0.2872268980692779,0.2870493057160438,0.28684016640919613,0.28659975115906966,0.28632830187051955,0.2860260808802326,0.28569327993292354,0.28533011623365045,0.2849367876619632,0.28451348429801565,0.28406039031636265,0.28357768562271857,0.283065547682983,0.2825241529281896,0.28195367822003276,0.28135430217026647,0.28072620641549023,0.28006957709782465,0.2793846046423567,0.2786714867831778,0.2779304281813247,0.27716164166477475,0.27636534907288246,0.2755417820470812,0.27469118277064086,0.27381380465992256,0.2729099130092651,0.27197978400204675,0.2710237132146049,0.27004200023910807,0.26903496505196156,0.2680029405032778,0.26694627430345863,0.26586532938244817,0.26476048421237147,0.26363213308847844,0.2624806863823435,0.2613065707493267,0.26011022930404226,0.2588921217584532,0.2576527245235082,0.2563925307742857,0.25511205047858776,0.253811810388901,0.25249235399763986,0.2511542414555803,0.24979804945340678,0.24842437106630938,0.24703381556159582,0.24562700816931604,0.24420458983496404,0.2427672168240812,0.24131556056055767,0.23985030707849497,0.2383721566919207,0.2368818235179288,0.235380035045421,0.23386753095171858,0.2323450650965988,0.23081340092961888,0.22927331379873284,0.22772558901536566,0.22617102219831675,0.2246104177141907,0.22304458818665457,0.22147435374968116,0.21990054115283175,0.21832398308413245,0.216745517226676,0.21516598541444415,0.2135862327435253,0.21200710664347486,0.21042945603804453,0.20885395413713448,0.20728197827934347,0.20571384752855115,0.20415058312221573,0.20259302678364266,0.20104201588170745,0.19949838244651594,0.19796295218523435,0.19643654350517548,0.1949199665175977,0.19341402209688205,0.1919195009006087,0.19043718242565225,0.1889678340733466,0.1875122102308519,0.1860710513709314,0.18464508317229783,0.18323501566263892,0.18184154238636419,0.1804653395990468,0.17910706549045677,0.17776735943799432,0.1764468412922427,0.17514611069625802,0.17386574648065137,0.17260630589088266,0.1713683242616968,0.17015231433089711,0.1689587657705658,0.16778814474967943,0.16664089352223338,0.1655174300612063,0.1644181477356062,0.16334341446563172,0.16229357474842293,0.16126894607430844,0.16026982103975937,0.15929646667813377
0.26535742871409357,0.26786530815030335,0.27019818423495096,0.27237011613368955,0.27439377748012905,0.2762805964943595,0.27804088170607144,0.27968393410313075,0.2812181478638587,0.28265110132289684,0.28398963772178876,0.2852399381508511,0.2864075868699516,0.28749763000159634,0.28851462819304097,0.28946270416896036,0.29034558501168806,0.2911666406950226,0.29192891855897474,0.2926351742348286,0.2932878997434992,0.29388934859790916,0.2944415589295501,0.29494637360127457,0.29540545873586155,0.295820321253199,0.29619232322328387,0.2965226961155849,0.29681255305065257,0.2970629002759147,0.2972746363148821,0.2974486173967791,0.2975855530864056,0.2976861273069735,0.2977509486860554,0.2977805683081112,0.29777548563207235,0.29773615387443964,0.29766298493954985,0.2975563539403221,0.2974166033478578,0.29724404680326044,0.2970389726279414,0.29680164705471523,0.2965323080092066,0.296231213867568,0.29589855396046133,0.2955345430849326,0.2951393774727803,0.2947132461626264,0.29425633288916625,0.2937688177108514,0.2932508788437595,0.29270269405887034,0.2921244421479661,0.2915163042376665,0.29087846507103604,0.29021111449639786,0.28951444718352054,0.2887886657464488,0.28803398029603505,0.28725060969665117,0.28643878241086174,0.2855987372903391,0.28473072431575475,0.2838350052880381,0.2829118544730844,0.28196155753359153,0.2809844204263773,0.2799807532360692,0.2789508873303027,0.277895167453315,0.2768139537891034,0.2757076223179435,0.2745765651348533,0.27342119073035653,0.2722419242347565,0.2710392076203403,0.26981349987595593,0.26856527713488265,0.26729503277028965,0.2660032774525117,0.2646905391690088,0.263357363206911,0.26200431209804065,0.26063196552631174,0.259240920197411,0.25783178967068987,0.25640520415322593,0.2549618102560436,0.25350227073216436,0.25202726407879494,0.25053748429820455,0.24903364040773554,0.24751645609681447,0.2459866691432333,0.24444503103225795,0.24289230570201192,0.2413292716435662,0.2397567170850628,0.2381754424245262,0.23658625820348697,0.234989985482704,0.23338745423674848,0.23177950275244918,0.2301669769792406,0.22855072960659104,0.22693161923874203,0.22531050952088302,0.2236882682429699,0.222065766422917,0.22044387737098495,0.21882329160462766,0.21720543652211424,0.21559063418418928,0.2139799415170045,0.21237422873733844,0.2107743624571804,0.20918120467355777,0.2075956117565612,0.20601843343790238,0.20445051180235913,0.2028926802844767,0.2013457626775095,0.19981057212919856,0.19828791019641326,0.19677856586777265,0.19528331462669707,0.19380291752899745,0.19233812030192288,0.19088965246682055,0.189458226487499,0.1880445369463108,0.18664925974988858,0.18527305136638095,0.1839165480959401,0.1825803653761079,0.18126509716556294,0.17997131515431347,0.17869956843954515,0.17745038280856532,0.1762242602958108,0.17502167870680546,0.173843091217064,0.1726889259988294,0.17155958589535372,0.17045544756356443,0.16937686354330264,0.1683241586090171,0.16729763192836244,0.1662975563853915
0.27457537225764966,0.27711012287464515,0.2794702022502111,0.2816695755692745,0.283720829500281,0.2856353119206566,0.28742325671609814,0.28909389580607664,0.2906555592748205,0.292115765873382,0.2934813034805534,0.29475830165803496,0.2959522966684669,0.29706828988585265,0.2981108002007406,0.29908391134204965,0.29999131392503575,0.3008363438894087,0.3016220166056218,0.30235105786402744,0.30302593166649927,0.30364886528940627,0.30422187225711844,0.3047467723531754,0.3052252100474697,0.30565867195833984,0.3060485011112755,0.3063959111098565,0.30670199838376494,0.3069677534779738,0.30719406025905155,0.30738176130467115,0.3075315533377384,0.3076441084180562,0.3077197289765514,0.30775984120311967,0.30776404971075494,0.3077330941060379,0.30766737828873125,0.30756727007273177,0.3074331053167981,0.3072651917196236,0.3070638123153229,0.306829228691495,0.306561674904426,0.30626140550077996,0.3059286074637669,0.30556349327099386,0.30516625757446614,0.30473708842746344,0.30427616913629246,0.3037836800452213,0.3032598000431764,0.30270470828566176,0.3021185854944472,0.3015016153026569,0.3008539855370165,0.3001758897210278,0.29946752672698584,0.2987291039959266,0.29796083702492104,0.297162950640418,0.29633567984310155,0.2954792705989585,0.29459398057923175,0.29368007985160566,0.2927378515246509,0.29176759060074176,0.29076961158092063,0.2897442399322069,0.2886918131876489,0.28761268948382934,0.2865072412811646,0.2853758574013995,0.28421894334273146,0.28303692155667876,0.281830231686908,0.28059933077015875,0.2793446934003286,0.27806681184971077,0.27676619616235965,0.27544337419949794,0.2740988916518503,0.2727333120127986,0.2713472165132278,0.2699412040179488,0.26851589088359334,0.26707191077789705,0.2656099144603262,0.2641305695240311,0.26263456011938857,0.2611225865378833,0.25959536495980323,0.25805362696154893,0.25649811906806586,0.25492960232385525,0.253348851718241,0.25175665497006705,0.2501538147060658,0.2485411434326559,0.24691946608800697,0.2452896179255903,0.24365244494725158,0.24200880210319192,0.240359552926665,0.2387055686113432,0.23704772718578543,0.23538691263705383,0.23372401400997334,0.23205992448373353,0.23039554042762317,0.22873176043776985,0.22706929292956196,0.22540961225607709,0.22375304351773928,0.22210067568042152,0.22045340350205925,0.21881211790377814,0.21717770493243763,0.21555104472167272,0.21393301045383192,0.21232446732522642,0.21072627151712314,0.20913926917491238,0.20756429539787902,0.2060021732464184,0.20445371274240254,0.20291970993200442,0.2014009459237015,0.19989818597115488,0.19841217857609525,0.19694365461787955,0.1954933265117738,0.19406188739793503,0.19265001036297477,0.19125834769588523,0.1898875301800041,0.1885381664225842,0.18721084226482157,0.1859061200233612,0.18462453819414443,0.18336661077517002,0.18213282685118926,0.18092365016399808,0.17973951874725214,0.17858084459587448,0.17744801279683756,0.1763413836405295,0.17526128891038906,0.1742080340857345,0.17318189765789727
0.2836469271556376,0.28620773422205126,0.28859418667871034,0.29082015846337744,0.2928981518896261,0.29483943679161134,0.29665417478755834,0.2983515308141127,0.2999397728103009,0.30142636181202664,0.30281803204282914,0.3041208631333576,0.30534034483497935,0.3064814351544774,0.30754861250903986,0.30854592280528287,0.30947702137144867,0.3103452110297762,0.31115347621460804,0.3119045137214262,0.31260076037400514,0.31324441796535063,0.31383747612036783,0.3143817321979818,0.31487880962317216,0.31533017527641255,0.3157371536617515,0.3161009410148049,0.3164226174857217,0.31670315845917946,0.3169434332601196,0.31714427141803364,0.31730635709103266,0.3174303507589138,0.3175168391836092,0.3175660479432214,0.3175793735353573,0.31755633617505563,0.3174976372150109,0.3174036373567767,0.31727466601713344,0.3171110251072079,0.31691299251385213,0.3166808253053069,0.3164147537728181,0.31611501954816645,0.31578183495487205,0.3154153826099041,0.3150158648505507,0.3145834688008295,0.314118377407857,0.31362077123382426,0.3130908299531453,0.31252873407982323,0.3119346662552831,0.31130881262047977,0.31065136404110333,0.30996251768627114,0.30924247658259485,0.30849145293972124,0.30770966757194285,0.3068973511880654,0.306054745236403,0.30518210269593404,0.3042796888162528,0.30334778180860517,0.30238667348999204,0.3013966698820464,0.3003780900065943,0.2993312751959049,0.29825657196831623,0.2971543500539596,0.29602499398737064,0.29486890521784426,0.29368650242115646,0.2924782217724758,0.2912445171806537,0.28998586048399977,0.28870274160757253,0.2873956686819665,0.28606516812352517,0.28471178467693,0.2833360814137417,0.28193863970248917,0.28052005912921,0.2790809573840146,0.27762197010728273,0.276143750696449,0.27464697007332056,0.2731323164119109,0.27160049484763177,0.27005222704309984,0.26848825092279294,0.2669093201606663,0.2653162037331149,0.26370968537964046,0.26209056319357216,0.26045964816989287,0.25881776658161737,0.2571657547118638,0.2555044615552482,0.25383474651016946,0.2521574799705431,0.2504735414555807,0.24878381910846362,0.2470892088481529,0.24539061349329827,0.24368894185980627,0.24198510783371613,0.24028002942113674,0.23857462777708505,0.23686962686878982,0.23516654920004673,0.23346572132500504,0.23176826625301628,0.23007510576416795,0.22838715856117492,0.22670533930212522,0.22503055751310605,0.22336371652290402,0.22170571239896453,0.22005743288709062,0.2184197563573685,0.2167935507588125,0.21517967258521542,0.21357896585467,0.21199226110954944,0.21042037441320022,0.2088641064113353,0.20732424137261818,0.20580154627678837,0.20429676992597148,0.2028106420857044,0.20134387265769088,0.19989715088619733,0.19847114459990436,0.19706649949016108,0.19568383843175907,0.1943237608790583,0.19298684209587408,0.1916736328588804,0.1903846587672276,0.18912041981806854,0.1878813899809147,0.18666801682899706,0.18548072119570652,0.18431989630284862,0.18318590991061073,0.18207910054751983,0.18099977975613862,0.17994823140260102
0.29257013335867665,0.2951562004601418,0.2975682148519138,0.29981996189886423,0.3019238620991404,0.3038911096042735,0.3057317960571351,0.3074550212386758,0.3090689931087746,0.31058111670374916,0.3119980742628564,0.3133258970397662,0.31457002971900105,0.31573538828193803,0.31682641194112826,0.3178471098870577,0.31880110324905686,0.3196916627585394,0.3205217428202268,0.32129401208335867,0.32201088101563136,0.322674526634176,0.3232869153571115,0.323849822759178,0.32436485180615854,0.32483345018654053,0.3252569244022682,0.3256364537521419,0.3259731025807869,0.3262678314260586,0.3265215070910279,0.32673491193077986,0.32690875218031645,0.3270436656133045,0.32714022848448976,0.32719896188135883,0.3272200223928019,0.3272047831203356,0.3271526871379084,0.3270644033545083,0.3269402549090223,0.32678053807174934,0.3265855257176729,0.3263554705150047,0.32609059908905846,0.32579114961481465,0.32545733178763114,0.3250893264657028,0.3246873343915406,0.32425154180002,0.32378213131500067,0.3232792837395822,0.32274317954570536,0.32217400060700274,0.3215719314801315,0.3209371607772783,0.3202698823904482,0.3195702966919316,0.3188386119876284,0.3180750440179205,0.31727981923221926,0.31645317413748547,0.31559535653471854,0.3147066263101495,0.31378725617512243,0.3128375323569119,0.311857755242411,0.3108482399763519,0.30980931519089494,0.30874133263977815,0.30764464942198133,0.30651964665574816,0.30536672074355686,0.30418628554455646,0.30297877268282714,0.3017446318162874,0.3004843308664076,0.2991983562088028,0.29788721282471564,0.2965514244133362,0.29519153346487226,0.2938081012942407,0.2924017080352424,0.29097295259506034,0.28952245257002374,0.2880508441159406,0.2865587817892427,0.2850469383370297,0.28351600445230735,0.2819666884878574,0.28039971612986997,0.2788158300527977,0.27721578942736064,0.2756003696025182,0.273970361534254,0.2723265712672666,0.27066981941399737,0.26900093984016704,0.26732078195525655,0.2656302053462496,0.2639300824567239,0.26222129644211795,0.2605047415424409,0.258781321268644,0.25705194786523256,0.2553175414373238,0.25357902904939106,0.25183734379729794,0.25009342385532485,0.2483482114999865,0.24660244484879898,0.24485769316214473,0.24311428317180922,0.24137337066917025,0.23963590312443206,0.2379028258776968,0.23617508103390722,0.2344536064726357,0.23273933461330643,0.23103319142052586,0.22933609529063897,0.22764895596650742,0.22597267345899824,0.224308136977732,0.2226562238736323,0.22101779859579856,0.21939371166519905,0.2177847986676409,0.21619187927258776,0.21461575625514775,0.21305721458634624,0.21151702050981636,0.20999592067034806,0.20849464127092254,0.20701388726443165,0.20555434158117616,0.2041166643983538,0.20270149244194674,0.20130943838136003,0.19994109004138383,0.19859701010610167,0.19727773541656995,0.19598377654207166,0.19471561735220744,0.19347371463640117,0.1922584977693433,0.19107036782774459,0.1899096997699108,0.18877683861647093,0.18767210173556137,0.18659577814619827
0.30134364469221525,0.3039541947112254,0.30639097985168373,0.30866769963555724,0.31079669517665925,0.312789087259489,0.31465489963325655,0.3164031691724924,0.3180420454983699,0.3195788794724302,0.32102030297362405,0.32237230038816195,0.3236402727348453,0.3248290952439011,0.3259431691926795,0.3269864681598314,0.3279625800770376,0.3288747445709431,0.3297258869118703,0.33051864844001855,0.3312554140115091,0.3319383366106565,0.33256936010246735,0.3331502388861359,0.3336825560411562,0.33416774059236126,0.33460708151689267,0.3350017416699586,0.3353527699839359,0.33566111251141706,0.3359276225533863,0.33615306979870146,0.33633814866507195,0.3364834859116943,0.3365896475509173,0.33665714517017276,0.3366864417158151,0.33667763200657247,0.33663207144197554,0.33654913271065967,0.3364294576035521,0.33627333689422156,0.3360810385712599,0.3358528110185709,0.33558887728952724,0.3352894722041031,0.334954802905297,0.3345850485438826,0.33418040832780965,0.3337410676410936,0.33326720881525357,0.33275901291295573,0.3322166612114696,0.33164033694102907,0.33103022655981557,0.3303865211269052,0.3297094175250004,0.3289991196617603,0.32825583993726476,0.3274797986837561,0.32667122753280164,0.325830368701643,0.3249574762454101,0.32405281684829346,0.32311667056329657,0.3221493315027685,0.3211511084816074,0.3201223256147534,0.3190633209609503,0.3179744565796372,0.3168560999047555,0.3157086432648294,0.3145324947213203,0.31332808032287396,0.3120958444100695,0.31083624988028224,0.309549778412788,0.30823693065415525,0.30689822636390646,0.30553420452037583,0.3041454233866489,0.3027324605364393,0.30129591283974133,0.2998363964080852,0.29835454649922954,0.29685101738113084,0.29532648215505847,0.2937816325388734,0.2922171786036424,0.2906338484804773,0.28903238801508857,0.28741356040897825,0.28577814570912496,0.2841269404764283,0.28246075719465746,0.2807804237337623,0.27908678283203303,0.2773806906558929,0.2756630192912854,0.2739346510919809,0.27219648157163073,0.27044941703341474,0.26869437507226646,0.2669322826684334,0.2651640756395231,0.2633906977432901,0.2616130997517123,0.25983223849800935,0.25804907589834636,0.25626436277189885,0.2544794993291576,0.25269545424396633,0.25091277158205516,0.24913263762804036,0.24735602307891064,0.2455838963247043,0.24381722234176476,0.24205696155557785,0.24030406882430388,0.23855949217421196,0.2368241717844624,0.23509903885288444,0.23338501449364407,0.23168300864470814,0.2299939189876997,0.22831862988272195,0.22665801132069593,0.2250129178957228,0.22338418779992733,0.22177264184725248,0.22017908250405396,0.21860429299020206,0.21704903637061054,0.215514054701203,0.21400006820642753,0.21250777449360647,0.21103784781032223,0.20959093833536033,0.20816767151952062,0.20676864750970234,0.20539444040111055,0.2040455979750478,0.20272264104033436,0.20142606304641647,0.2001563296998755,0.19891387863000248,0.19769911910187657,0.19651243117163508,0.19535416795712468,0.19422465180825843,0.19312417668516896
0.30996665455622274,0.3126009303427695,0.31506171575894115,0.3173626270596913,0.3195159284036273,0.32153266946577824,0.3234228082034875,0.32519532054460476,0.32685829959511015,0.3284190437376151,0.32988413606671985,0.33125951556462974,0.3325505409280145,0.33376204797207865,0.33489840107788205,0.33596353939714324,0.3369610186415763,0.33789404826799035,0.3387655252776136,0.33957806450436606,0.34033402593758805,0.3410355393135203,0.34168452639806546,0.342282721004644,0.3428316870702368,0.3433328353716577,0.3437874379357,0.3441966413130714,0.3445614797218579,0.3448828850383154,0.34516169738022834,0.3453986624224225,0.34559449811243526,0.3457497854250457,0.3458650920685223,0.3459409203661453,0.3459777246985129,0.3459759167682102,0.34593587042188084,0.3458579260744039,0.3457423947731094,0.3455895619310035,0.34539969077376054,0.345173025508978,0.34490978571368053,0.34461020293234074,0.34427448188994575,0.3439027999372255,0.34349535493307326,0.34305233140440755,0.3425739114173602,0.3420602763082211,0.34151160816368153,0.3409280915639371,0.3403099148514682,0.3396572715044686,0.33897036135806535,0.3382493918072752,0.33749457928473736,0.3367061486472881,0.33588433662751815,0.33502939106212337,0.334141572158936,0.3332211532880237,0.33226842172125637,0.3312836793224905,0.33026724319022394,0.3292194462542954,0.3281406358445904,0.3270311841164135,0.3258914686827721,0.3247218928720584,0.32352287619393455,0.32229485666450036,0.32103829110749266,0.3197536554150708,0.31844144476828895,0.31710217381727407,0.3157363768210655,0.3143446077470201,0.3129274403296461,0.31148546808870153,0.3100193043063781,0.3085295819633801,0.3070169536337217,0.3054820913380685,0.3039256863554833,0.302348448993461,0.3007511083161836,0.29913441183097184,0.2974991251329687,0.2958460315306189,0.29417593151846266,0.29248964242762204,0.290787997822156,0.28907184693965626,0.28734205415830943,0.2855994974997367,0.28384507125051006,0.2820796800433023,0.28030424192186326,0.27851968585727094,0.2767269522888134,0.2749269911495972,0.27312076130843554,0.27130922964884524,0.26949337011895336,0.267674162754007,0.2658525926732834,0.2640294268247999,0.2622063240793005,0.2603836118771701,0.25856250742785075,0.2567440054666237,0.254929099369531,0.25311878002936405,0.25131403472368274,0.2495158459773876,0.24772519039703306,0.24594303763171338,0.24417034908272073,0.24240807687166885,0.2406571626896283,0.23891853668190355,0.2371931163457889,0.23548180544392533,0.23378549293586107,0.232105051930369,0.23044133866102734,0.2287951914875109,0.22716742992893663,0.225558853707641,0.22397024186564635,0.22240235187553542,0.22085591880828515,0.2193316545349027,0.2178302469721238,0.21635235936279973,0.21489862960718842,0.21346966967980285,0.2120660648696866,0.2106883735191134,0.20933712635521595,0.20801282610039554,0.20671594708604893,0.20544693491647617,0.20420620618331137,0.20299414760429402,0.20181111834254145,0.2006574461233746,0.19953342964418253
0.3184388310658326,0.32109609574414877,0.3235801320602171,0.32590447538071604,0.3280813152720567,0.330121632492356,0.3320353212495827,0.3338312984634328,0.3355176024022602,0.33710148070206786,0.3385894691583962,0.3399874627938125,0.3413007793179168,0.3425342162730005,0.34369210233775815,0.34477834327191936,0.3457964635399641,0.34674964333183567,0.34764075221714863,0.34847237929836844,0.3492468604213777,0.3499663026464696,0.35063260643616795,0.3512474856233874,0.35181248531931747,0.35232899865015915,0.3527982810520086,0.35322146349344896,0.3535995655756004,0.35393350546294655,0.35422411042872975,0.3544721141256174,0.3546782232860677,0.35484300840347865,0.3549670274510983,0.35505077371600496,0.3550946932226463,0.35509918997639045,0.3550646307668427,0.3549913495753072,0.35487965162416274,0.3547298170969155,0.354542104573659,0.35431675418993647,0.35405399055902925,0.35375401676138074,0.3534170604075483,0.3530432887932822,0.35263289835126865,0.3521860728288893,0.3517029940469,0.35118384362744465,0.35062880446749006,0.35003806248743313,0.34941180789381465,0.34875023654713183,0.3480535512122708,0.3473219627009897,0.3465556914248461,0.3457549666910533,0.3449200302511522,0.34405113546814936,0.3431485485989328,0.3422125495852502,0.3412434327930329,0.3402415077021769,0.3392070995485866,0.33814054992001924,0.3370422173070175,0.3359124756280862,0.33475172460335756,0.33356037035731,0.33233884561794574,0.33108760014594574,0.32980710301419564,0.3284978428644703,0.32716032812325785,0.3257950871767186,0.3244026685047102,0.3229836407737577,0.3215385928888135,0.32006813400362344,0.31857289348949974,0.31705352086230226,0.3155106856674283,0.313945077322636,0.3123574049185448,0.3107483969766974,0.309118801165104,0.3074693839712507,0.30580093033260297,0.30411424324770264,0.30241014323004617,0.3006894679500319,0.29895307160518836,0.2972018243487521,0.29543661173493135,0.29365833317744333,0.2918679046706782,0.2900662526571548,0.2882543172142862,0.2864330494832523,0.28460341224370506,0.2827663778720676,0.2809229277736626,0.27907405143839514,0.2772207454669811,0.27536401256945753,0.27350463046613976,0.271644301194714,0.26978334932028264,0.2679230215592147,0.26606433531032025,0.26420830760088854,0.2623559539482373,0.2605082872109138,0.2586663164320677,0.25683104567757464,0.2550034728715336,0.25318458863179916,0.25137537508225094,0.2495768048003914,0.2477898395133319,0.2460154290643227,0.2442545102630318,0.24250800577800863,0.24077682304802464,0.2390618532148968,0.2373639700803431,0.23568402908935754,0.23402286634252248,0.2323812976434672,0.23076011756036274,0.22916009856222905,0.22758199015358876,0.22602651806778365,0.2244943835013827,0.222986262384388,0.2215028047023584,0.22004463390632706,0.21861234614154207,0.21720650998721452,0.2158276657787041,0.21447632521543447,0.2131529709720398,0.21185805636078234,0.21059200504557007,0.20935521017240086,0.20814803672791632,0.20697081759655314,0.2058238560274213
0.3267602575526215,0.3294397951448483,0.33194635434482717,0.3342933921432667,0.33649302580322077,0.3385561693816743,0.3404926550761502,0.34231134285676534,0.34402021788271014,0.3456264785325674,0.3471366148638958,0.34855647924674266,0.34989134968617186,0.35114598666191,0.35232468423102525,0.35343131577528836,0.35446937545343005,0.355442015060841,0.3563520775442758,0.3572021270267304,0.35799447590193556,0.35873120919425805,0.3594142067009506,0.3600451627696873,0.36062560423936246,0.3611569071649573,0.3616403105044673,0.36207693048974116,0.3624677720667342,0.362813740350966,0.3631156499956309,0.36337422293532784,0.3635901549655288,0.36376400635992245,0.3638963255950989,0.36398759714225043,0.3640382588721754,0.36404870727866645,0.3640193022639322,0.36395001800596605,0.3638422146145419,0.36369510659718157,0.36350930152516986,0.3632850355619385,0.363022529901083,0.3627219848572938,0.3623836253789291,0.3620076172846434,0.36159415562747327,0.36114342340607875,0.3606556022125532,0.36013087396587934,0.3595694223705158,0.35897143467461085,0.35833710292596804,0.3576666253401949,0.3569602075507533,0.35621806375024323,0.35544041825992423,0.3546275047610191,0.35377956994171467,0.3528968725956319,0.35197968492342635,0.35102829332280333,0.35004299912754966,0.3490241192968549,0.34797198705668897,0.3468869524947354,0.34576938311012795,0.34461966227616203,0.34343819991685287,0.3422254124978728,0.3409817438325755,0.3397076552032609,0.33840362769804255,0.3370701624634125,0.3357077809154097,0.33431702490936266,0.3328984568681116,0.3314526598685703,0.32998023768645085,0.3284818147989488,0.32695803634517345,0.3254095680441109,0.3238370960699061,0.32224132688428025,0.32062298702591807,0.318982822856703,0.31732160026471923,0.3156401043239979,0.3139391389110441,0.3122195262782486,0.3104821066078537,0.30872773740580345,0.3069572930882315,0.3051716642910681,0.3033717572426052,0.3015584931409118,0.2997328067748126,0.29789564834469584,0.296047978668416,0.29419077056652293,0.29232500866236955,0.29045168727378456,0.28857180983582037,0.2866863879335957,0.2847964403053329,0.28290299181737144,0.2810068354560653,0.27910971603739154,0.27721195953986844,0.2753148415571281,0.27341940137827153,0.2715266777948614,0.2696377079381681,0.26775352610615766,0.2658751625827971,0.2640036424523142,0.2621399844110821,0.26028519957984964,0.2584402903190557,0.256606249023478,0.25478405705804447,0.2529746834399279,0.2511790837998287,0.24939819922760093,0.24763295516392164,0.24588426031415253,0.24415300558699127,0.24244006306044036,0.24074628497754913,0.2390725027742987,0.23741952614568895,0.2357881421294202,0.23417911426643767,0.23259318176368643,0.231031058717869,0.22949343338307668,0.22798096747683466,0.2264942955404869,0.22503402438864498,0.22360073238493788,0.2221949692202624,0.22081725528580629,0.2194680813283252,0.2181479081112304,0.2168571661283322,0.2155962547263709,0.21436554449996256,0.21316537330147486,0.21199604873760397
0.3349313811520219,0.337632496532468,0.34016087199265216,0.3425298887499818,0.344751593914366,0.34683683683691596,0.34879538985505754,0.35063605755557986,0.3523667738055967,0.3539946890263246,0.35552624918791875,0.35696726528811057,0.35832297684270453,0.35959810841085216,0.36079692048546214,0.3619232550503504,0.3629805768676773,0.3639720101810946,0.3649003720960047,0.3657682024807051,0.36657779093922793,0.36733120112452294,0.368030292683064,0.3686767410623602,0.3692720553041035,0.3698175947562569,0.37031458265155914,0.3707641204531524,0.3711671992357026,0.37152471110194274,0.3718374585038011,0.37210615195189195,0.3723314765738679,0.3725139826766197,0.37265420947174804,0.372752632824235,0.37280968265025666,0.37282574811024255,0.37280118238276094,0.3727363070397312,0.3726310538952596,0.37248677956570597,0.3723026471546652,0.37207925112191415,0.3718168093247428,0.37151551937838684,0.3711756036448839,0.37079722649884905,0.3703805816567525,0.3699258513948145,0.3694332170953002,0.3689028609372655,0.36833496754993567,0.3677297253735863,0.3670873283126151,0.36640797690259386,0.3656918796002529,0.3649392539235858,0.3641503275840456,0.3633253399235014,0.3624645411169484,0.3615681957486615,0.3606365818558266,0.35966999217538176,0.3586687348818934,0.35763313427636867,0.3565635314269147,0.3554602847627073,0.3543237706224838,0.3531543816458836,0.35195253779712193,0.35071866565557436,0.3494532199171447,0.3481566731633443,0.34682951826433506,0.345472268627364,0.3440854584032729,0.3426696426510328,0.3412253974601842,0.33975332003102254,0.3382540287123317,0.3367281629964468,0.3351763834714153,0.33359937173002807,0.3319978302354985,0.33037248214359183,0.3287240710810352,0.327053360880079,0.32536113526912636,0.32364819751940554,0.3219153700477264,0.3201634939754246,0.3183934286676751,0.3166060511094961,0.31480225547876206,0.3129829524366315,0.31114906848236246,0.3093015453142561,0.30744133840367543,0.3055694189100847,0.3036867686802682,0.30179438173806544,0.29989326406061007,0.29798443141461634,0.2960689087642517,0.2941477292886116,0.2922219333573702,0.2902923227613747,0.28836068325120245,0.28642733621256267,0.2844935847712283,0.2825604890391935,0.2806291096787127,0.27870050672852964,0.27677573841737885,0.27485585996732487,0.27294192238957066,0.2710349712754193,0.26913604558512044,0.2672461764373682,0.26536638590224637,0.26349768580042976,0.26164107648445684,0.2597975457669414,0.2579680675933493,0.25615360100237006,0.2543550889714322,0.2525734573121243,0.2508096135911474,0.24906444607937012,0.24733882273147825,0.24563359019862369,0.24394957287638552,0.24228757199392914,0.24064836472425494,0.23903270337326377,0.23744131457408796,0.23587489854897548,0.23433412840687934,0.23281964949637274,0.2313320788497282,0.22987200444913117,0.2284399850069661,0.22703654933130446,0.22566219598004908,0.22431739292084812,0.22300257724468917,0.221718154280908,0.22046450002744572,0.21924195711353747,0.21805083733495192
0.34295296608958686,0.34567498483929854,0.34822449151428186,0.3506147936725943,0.3528578704997015,0.3549645086412314,0.3569444224603124,0.3588063629631417,0.36055821398221594,0.3622070799959634,0.36375936392975206,0.3652208367723952,0.36659670074108136,0.36789164557573784,0.36910989922568554,0.3702552732242852,0.37133120381454454,0.372340788502191,0.37328681930592955,0.37417181253244497,0.3749980356767069,0.37576753156945236,0.3764821403047894,0.3771435189341199,0.3777531591944637,0.378312404162203,0.37882246176315915,0.3792844190828729,0.37969925366187685,0.3800678449404072,0.38039098346911443,0.38066938031320574,0.38090367511066286,0.38109444352848404,0.3812422040411027,0.38134742411660255,0.3814105259024133,0.38143189139999667,0.38141186722243453,0.38135076895514164,0.3812488851647451,0.3811064810832362,0.38092380201202986,0.3807010764530737,0.3804385190070721,0.380136324653037,0.3797947132383229,0.3794138477246275,0.37899392053180214,0.37853511323810557,0.37803760703084394,0.37750158438937864,0.3769272307463106,0.37631473583395214,0.37566429534736945,0.37497611210528964,0.37425039734088167,0.3734873718407002,0.37268726707787575,0.37185032666211904,0.37097680548597056,0.37006697338650735,0.3691211141311218,0.36813952667870903,0.36712252591713856,0.36607044335150685,0.36498362774403137,0.3638624457070074,0.3627072822500078,0.36151853909135034,0.3602966460711605,0.3590420396569365,0.3577551852248635,0.35643656643437044,0.35508668770579693,0.35370607446469016,0.3522952733436618,0.35085485234172836,0.34938540094099385,0.3478875301804977,0.34636187268700663,0.34480908266251953,0.34322983582823724,0.34162482932475363,0.33999478156824026,0.3383404320624108,0.33666254116609456,0.3349618898162801,0.3332392792065458,0.33149553042084995,0.329731484022724,0.3279479995999777,0.3261459552895925,0.32432624713618335,0.3224897886517578,0.3206375100873,0.3187703577701513,0.316889293448796,0.31499529282511324,0.31308934754003537,0.3111724600152715,0.30924564499612983,0.30730992933442236,0.30536634975845256,0.30341595227685947,0.30145979116717847,0.2994986754535626,0.2975341788040747,0.2955673708013481,0.2935988262793018,0.29162987612487645,0.28966160141934133,0.28769508369172636,0.28573140372180544,0.28377164033040303,0.28181686915963833,0.2798681614457914,0.2779265827875267,0.2759931919122577,0.27406903944347144,0.27215516667185813,0.2702526043331084,0.26836237139524677,0.26648547383089094,0.26462290354215595,0.2627756370287681,0.26094463435192894,0.2591308379843045,0.25733517171377074,0.2555585395760318,0.25380182481863955,0.25206588889885295,0.25035157051768275,0.24865968469603725,0.24699102187287447,0.24534634708314335,0.24372639914266053,0.24213188989721426,0.24056350351917444,0.23902189584605546,0.2375076938230519,0.2360214947593225,0.23456386611040028,0.23313534483641896,0.23173643705527286,0.2303676177014955,0.22902933023982167,0.22772198577304323,0.22644596550653634,0.22520161666546287,0.22398925506596767
0.3508260524622933,0.3535683209481661,0.35613829510066725,0.3585492108083769,0.36081298167978254,0.36294033351431854,0.3649409246010337,0.3668234536694771,0.36859575661804556,0.37026489306654,0.37183722431892724,0.37331848259339767,0.3747138339561979,0.3760279343917038,0.3772649802915298,0.3784287536524559,0.3795226630455113,0.3805497800240753,0.3815128722423952,0.3824144331470808,0.3832567087113259,0.38404172155248517,0.3847712927452508,0.385447061446023,0.38607050266570514,0.3866429433006145,0.3871655767106254,0.3876394758556101,0.3880656051066417,0.3884448315416875,0.38877793411320505,0.3890656130233088,0.3893084977510836,0.3895071544815393,0.389662092860652,0.38977377215887,0.38984260693785877,0.38986897220764094,0.38985320816863317,0.38979562455852335,0.38969650464889066,0.3895557286314016,0.389374678447845,0.38915243804193217,0.3888895991211953,0.3885863540888174,0.38824292034521535,0.38785945946853984,0.3874361626191353,0.3869732106994541,0.3864707847128638,0.3859290674432652,0.38534824511574595,0.38472850873720005,0.38407005576508757,0.3833730912631411,0.38263782919294737,0.3818644935517482,0.3810533195066047,0.38020455485730104,0.379318459127547,0.3783953073070686,0.3774353887885927,0.37643900863469915,0.3754064883190885,0.3743381664133832,0.3732343992262119,0.37209556139510974,0.3709220464323848,0.3697142672258774,0.36847265432055754,0.3671976672050497,0.36588977293291236,0.36454946819658146,0.363177268736498,0.36177371175605766,0.3603393561188225,0.358874782502687,0.3573805935108362,0.35585741373929525,0.354305889800838,0.3527266903050016,0.3511205057939455,0.3494880486339039,0.3478300528619833,0.3461472739880928,0.3444404887518232,0.3427104948341318,0.34095811052375197,0.3391841743382941,0.3373895446000858,0.3355750989929848,0.33374173394392315,0.33189036421816703,0.3300219222191616,0.32813735735789284,0.3262376353541806,0.3243237375641912,0.3223966594714782,0.3204574127428115,0.3185070199140759,0.3165465159858126,0.3145769482130718,0.31259937381102754,0.3106148593504743,0.3086244797249349,0.30662905796705386,0.3046304597557686,0.3026290010986469,0.3006260383825867,0.2986226716144158,0.29662000234942987,0.2946191324880438,0.292621163056065,0.2906271929723405,0.2886383178064478,0.28665562852916315,0.28468021025849266,0.2827131410041002,0.28075549041300096,0.27880831851941945,0.2768726745017188,0.27494959544932296,0.2730401051425366,0.271145212848164,0.26926591210593676,0.26740317967574845,0.26555797423038857,0.2637312353541399,0.2619238824315171,0.2601368135961022,0.25837090471404744,0.25662700840461683,0.25490595310002817,0.25320854215015387,0.2515355529535053,0.2498877361681221,0.24826581493477926,0.2466704841658309,0.24510240988330567,0.24356222860311394,0.24205054682216062,0.24056794032863615,0.2391149540270361,0.23769210135357433,0.23629986398153796,0.23493869153492397,0.23360900068948914,0.2323111776705462,0.2310455741263,0.2298125097321237
0.3585519193988931,0.36131380451847506,0.36390360330741234,0.3663344825046744,0.3686182917409761,0.3707656980229493,0.3727863051207284,0.37468876157862646,0.3764808564904325,0.3781696061009176,0.3797613313826018,0.3812617269781303,0.38267592391135796,0.384008545436735,0.3852637573398176,0.38644531296266454,0.3875565940218523,0.3886006468707623,0.3895802155260756,0.39049777119015405,0.39135553894462494,0.39215552174885643,0.39289952217958196,0.39358916198230964,0.3942258997790248,0.39481104704011133,0.3953457826100863,0.3958311657950415,0.39626814813031414,0.396657584641029,0.39700024296836667,0.3972968127170463,0.3975479015000242,0.3977541021065737,0.397915879704558,0.39803369751265616,0.39810796268380005,0.3981390433986053,0.3981272735925612,0.3980729572897116,0.39797637258758023,0.3978377753201048,0.3976570142520019,0.3974354751493401,0.39717220175195345,0.3968677721361298,0.39652240131952315,0.3961362495740456,0.39570950668649907,0.39524235305219435,0.3947349694510055,0.3941875389722731,0.39360024862096143,0.39297329066158115,0.39230686428359635,0.39160117675654277,0.39085644472150743,0.39007289532780204,0.3892507673680846,0.38839031275400604,0.38749179555212276,0.3865554958095654,0.38558170843452555,0.3845707444768696,0.38352293186901804,0.3824386161120842,0.38131816091410536,0.3801619487808491,0.37897038156030716,0.37774388094177463,0.37648288667017443,0.37518786815646515,0.37385930244359533,0.37249769692977974,0.37110357844769765,0.3696774957405642,0.3682200196547122,0.36673174328860736,0.36521328209811577,0.3636652739578061,0.36208837917803116,0.3604832804775259,0.3588506829112447,0.3571913137531711,0.3555059223338482,0.3537952798324029,0.35206017902287734,0.3503014339747187,0.34851987970734366,0.3467163717987468,0.34489178594819964,0.34304701751955313,0.3411829809072821,0.3393006091184822,0.3374008530552775,0.3354846808692761,0.3335530772448233,0.3316070427111752,0.32964759209289546,0.3276757566353548,0.32569257853654143,0.3236991125949168,0.3216964260064712,0.3196855960067534,0.31766770925834276,0.31564359399856134,0.31361515294648534,0.3115826942048886,0.30954759810303595,0.30751098203863314,0.30547396608753097,0.3034376717959056,0.3014032209490535,0.29937173433624287,0.29734433049169984,0.29532212443141354,0.2933062263817354,0.29129774050375223,0.2892977636163082,0.28730738392060023,0.28532767972929035,0.28335971820309236,0.2814045540977988,0.27946322852470584,0.27753676772737224,0.27562618187762605,0.2737324638654548,0.2718565882550791,0.26999950998604333,0.2681621633875055,0.2663454610840146,0.2645502929650733,0.26277752519257735,0.2610279992484209,0.25930253102787154,0.25760190996004484,0.2559268982094024,0.25427822989032517,0.2526566103489072,0.2510627154917634,0.24949719116991761,0.24796065265680226,0.24645368395380696,0.24497683761771633,0.24353063417054463,0.2421155618050802,0.24073207609869313,0.23938059910791087,0.2380615218985152,0.23677520037656324,0.235521957926584
0.3661320523055275,0.3689129412039796,0.3715219426313618,0.37397215619584445,0.3762753696920806,0.37844219306586274,0.38048217735299195,0.382403922285964,0.38421517169988895,0.38592289980754735,0.3875333884952514,0.3890522959831606,0.39048471932073175,0.3918352500251751,0.39310802419176927,0.39430676736269055,0.39543483517291855,0.39649524953984927,0.3974907314839739,0.39842373061600483,0.3992964517044642,0.4001108785931838,0.40086879586457536,0.40157180832093836,0.40222135862966824,0.40281874323858186,0.4033651268513883,0.4038615554681669,0.40430896811132844,0.404708208052525,0.40506003189930706,0.4053651189161515,0.40562406704081433,0.4058374600277183,0.4060057546283684,0.4061294062433307,0.40620881478814197,0.40624434177078905,0.40623631500473045,0.40618503292998165,0.4060907685868868,0.40595377326918025,0.4057742799009,0.40555250614353305,0.40528865727350294,0.40498292071320974,0.40463550915843466,0.4042465815528202,0.4038163264869604,0.40334492372215247,0.40283255387145606,0.402279400327289,0.40168565086592756,0.4010514989860525,0.40037714557956045,0.3996628000817859,0.3989086817566041,0.39811502086776857,0.39728205974341735,0.39641005384339467,0.39549927316700473,0.39455000124471923,0.39356253646910133,0.3925372030047767,0.3914743278740126,0.39037426578506684,0.3892373876994019,0.3880640838352062,0.3868547642104836,0.38560985914042145,0.38432981739404004,0.3830151180803406,0.38166624805516314,0.3802837251975436,0.3788680872071063,0.37741989413164023,0.3759397285550695,0.37442819574134717,0.37288592373407164,0.3713135634115913,0.3697117884973248,0.3680812955250181,0.36642280375864916,0.36473705506669984,0.3630248137505372,0.3612868663266652,0.3595240212626556,0.35773710866660857,0.3559269799300516,0.3540945073242512,0.35224058357634813,0.35036612126755007,0.3484720524475895,0.3465593279414324,0.3446289167394141,0.3426818053246399,0.3407189969245787,0.3387415108151781,0.33675038072979846,0.3347466570496893,0.33273140120424055,0.33070568732923983,0.3286706021128424,0.32662724235407503,0.32457671434674873,0.3225198595469483,0.3204586197575019,0.3183933034122227,0.31632531699400646,0.3142557975570132,0.3121858847744435,0.3101167197079362,0.30804944355916264,0.3059851964073358,0.3039251159286679,0.3018703361172219,0.29982198598768756,0.2977811882797351,0.29574905816015495,0.29372670192686956,0.29171521571781567,0.28971568422769706,0.28772917943562326,0.2857567593466336,0.2837994667500895,0.2818583279978912,0.27993435180542303,0.27802852804951234,0.2761418267377844,0.27427519672287576,0.27242956473681845,0.2706058343183873,0.2688048848102413,0.26702757038491665,0.26527471913969525,0.2635471322061314,0.2618455829311554,0.2601708160925889,0.25852354717128767,0.25690446167410774,0.2553142145102063,0.2537534294212616,0.2522226985143978,0.2507225816208356,0.24925360617159464,0.24781626666825268,0.24641102444392093,0.2450383067516529,0.2436985093259126,0.24239199217088944,0.2411190822409996
