0.09177126895188946,0.08634756237913264,0.0819021119714431,0.07833238206175255,0.07554671433856654,0.07346311355050415,0.07200817327073684,0.07111612580842974,0.0707280023228695,0.07079088913259368,0.07125726900664847,0.0720844412188559,0.07323399841688776,0.0746713767140386,0.07636544259054305,0.07828813537022222,0.08041414588578266,0.08272063090851081,0.08518695970419096,0.08779448791951755,0.09052635620837074,0.09336731034648509,0.09630354083141993,0.09932253947203373,0.10241297110390304,0.10556455889070725,0.10876798092520235,0.11201477876068686,0.1152972747828581,0.11860849524666808,0.1219421074737857,0.12529235672262676,0.1286540134932209,0.1320223236910023,0.1353929651208402,0.1387620076220076,0.1421258769922189,0.14548132362800342,0.14882539046505405,0.15215538933226103,0.15546887520654964,0.15876362477026096,0.16203761648855833,0.16528901250109287,0.1685161424513971,0.1717174884391531,0.17489167172444015,0.1780374400154715,0.18115365649156218,0.18423928953898036,0.18729340557451568,0.1903151517341899,0.19330376151749556,0.19625853654003603,0.1991788505806156,0.2020641313791103,0.20491386345019408,0.2077275810761315,0.21050486379182956,0.21324533225700693,0.21594864448205958,0.2186144923773423,0.22124259859841328,0.22383271366232615,0.22638461331235452,0.2288980961106045,0.2313729812398352,0.23380910649750078,0.23620632646655465,0.2385645108489353,0.24088354294890482,0.24316331829454652,0.24540374338674817,0.24760473456593485,0.24976621698765203,0.2518881236988699,0.25397039480757616,0.2560129767388463,0.2580158215711655,0.2599788864472869,0.26190213311741123,0.2637855272325765,0.26562903832501217,0.26743263925802135,0.2691963058419936,0.27092001700029955,0.2726037537987867,0.2742475001905586,0.2758512424225021,0.27741496902080487,0.27893867077857415,0.2804223407452224,0.2818659742776206,0.28326956905682976,0.2846331251967796,0.2859566453452056,0.2872401348152037,0.28848360174105053,0.289687057244508,0.290850515642666,0.29197399465065865,0.2930575156136013,0.29410110375163173,0.29510478841947346,0.2960686033793583,0.29699258708620013,0.2978767829839096,0.2987212398117804,0.299526011919878,0.3002911595058901,0.30101674929269473,0.3017028543415272,0.3023495547903839,0.302956937922998,0.30352509879644435,0.3040541404038224,0.3045441740734934,0.3049953198167435,0.30540770667701134,0.3057814730762534,0.30611676715799424,0.30641374712603664,0.3066725815778155,0.3068934498313793,0.3070765422449767,0.3072220605282484,0.3073302180440123,0.30740124009965,0.307435364227107,0.3074328404505344,0.30739393154060773,0.30731891329393507,0.3072080746014269,0.30706171789044645,0.30688015916197625,0.30666372820302573,0.3064127687419729,0.3061276385844747,0.3058087097291815,0.30545636846255203,0.3050710154320822,0.30465306569732026,0.30420294875807863,0.3037211085593105,0.30320800347215865,0.30266410625074663,0.30208990396434204,0.3014858979045615,0.3008526034600581,0.3001905500024892,0.2995002806733718
0.0965897526922344,0.09095464037101586,0.08633156374433809,0.08261486302495495,0.07971005603011061,0.07753259077663628,0.07600674388977943,0.07506464537205902,0.07464541664351171,0.07469440751685048,0.07516252079328309,0.07600561420556355,0.0771839698799215,0.07866182325353177,0.08040694877246292,0.08239028544065774,0.08458560945044881,0.08696924088901009,0.08951978291418289,0.09221788921214634,0.0950460575874648,0.09798844179673591,0.10103069350161983,0.1041598814753069,0.10736398645222961,0.11063254039227544,0.11395575905563549,0.11732483169512217,0.12073175105748017,0.12416924765279455,0.12763070979181904,0.13111012951247494,0.13460204267756254,0.13810147994508057,0.141603920278851,0.14510525034529873,0.14860172742603286,0.1520899455167997,0.15556680460132985,0.15902948381224935,0.1624755506997943,0.16590226475426112,0.1693079047147311,0.17269040178544287,0.17604799673563984,0.17937908972365688,0.1826822259867431,0.1859560833876173,0.18919946025468418,0.19241126506157163,0.19559050660606456,0.1987362851863556,0.20184778708812964,0.20492426666798727,0.20796505566859158,0.21096954356500403,0.21393718466906694,0.21686747834125836,0.21975997383614176,0.22261426371005738,0.22542997982980495,0.22820678976474337,0.23094439348719573,0.23364252035532,0.23630092635499184,0.2389193915793762,0.24149771792679547,0.24403572699926196,0.2465332581856049,0.24899016691456496,0.2514063230645202,0.25378160951767637,0.2561159208476228,0.25840916213011667,0.2606612478678318,0.2628721010206064,0.2650416521334372,0.2671698385551309,0.2692566037411099,0.27130189663441484,0.27330567111943677,0.2752678855433535,0.2771885023765404,0.2790674876032581,0.28090481066740886,0.28270044423699425,0.28445436386082107,0.2861665478662805,0.287836977243831,0.2894656356001003,0.29105250900143376,0.292597586145376,0.29410085826414806,0.29556231923991394,0.29698196582368164,0.29835979707934135,0.29969581556188885,0.3009900267844275,0.30224243956565516,0.3034530662514192,0.3046219229259807,0.3057490296565102,0.30683441075076406,0.3078780949281454,0.30888011601514875,0.30984051262988593,0.31075932890474384,0.31163661470480003,0.31247242595878144,0.31326682499821595,0.3140198809036749,0.31473166985700113,0.3154022755566436,0.31603178934784754,0.31662031092910375,0.31716794849111823,0.3176748191386053,0.31814104925616604,0.3185667748694039,0.31895214200962135,0.3192973070683948,0.31960243715044523,0.31986771019270926,0.32009331621464415,0.3202794562793136,0.32042634373097395,0.32053420427730034,0.32060327628981367,0.32063381109198286,0.3206260732339855,0.32058034075311886,0.32049690541887355,0.32037607296170256,0.3202181632845493,0.3200235106562115,0.319792464068884,0.31952538669692443,0.31922265700120617,0.31888466824947087,0.31851182876645845,0.3181045619528128,0.3176633063503411,0.317188515661383,0.3166806587434852,0.3161402195788969,0.31556769721845535,0.31496360569948795,0.3143284739374435,0.31366284558277474,0.31296727785594125,0.31224234545379914
0.1009752726036089,0.09515465069379664,0.0903759889054692,0.08653094465962785,0.08352252515565972,0.08126390611305208,0.07967730491897337,0.07869298319985225,0.07824836534808952,0.07828725805847796,0.07875915963342094,0.07961864823859066,0.08082483958201346,0.08234090468781886,0.08413364477906976,0.08617311054775978,0.08843226551596259,0.09088668596723233,0.09351429391152563,0.09629511893312691,0.09921108600558036,0.10224582606216465,0.10538450643981105,0.10861367967101267,0.11192114798163796,0.1152958414587344,0.11872770994890626,0.12220762484417304,0.1257272914746817,0.12927917025833077,0.13285640578319335,0.1364527628548641,0.14006256843923154,0.14368066177275596,0.14730234382736326,0.15092333824787155,0.15453975145909107,0.15814803859863755,0.16174497182736478,0.16532761148239958,0.16889328130678613,0.17243954422768895,0.17596418151140714,0.17946517315067276,0.18294068042660075,0.18638902975776087,0.18980869878650813,0.1931983022254043,0.19655658031318432,0.1998823876712416,0.2031746832712408,0.206432521166284,0.20965504225203946,0.2128414696118212,0.21599108896963137,0.21910326147433123,0.2221774017884517,0.2252129879701364,0.22820953887615253,0.23116662141661576,0.23408384368830898,0.23696085095145658,0.2397973223856058,0.24259296790783852,0.2453475253055735,0.24806075761580781,0.25073245073077227,0.2533624112117844,0.2559504642947031,0.25849645207186095,0.2610002318366936,0.26346167457847736,0.2658806636156975,0.26825709335755593,0.27059086818402955,0.2728819014357113,0.275130114505404,0.27733543602412397,0.2794978011347658,0.2816171508472625,0.28369343146955367,0.28572659410915796,0.28771659424055196,0.28966339138659003,0.29156694868736066,0.2934272325769627,0.2952442129389471,0.2970178626059199,0.29874815733888455,0.3004350757488991,0.30207859925729064,0.30367871209201175,0.3052354013434378,0.3067486569250715,0.30821847181611767,0.3096448420816396,0.31102776692353373,0.3123672493340828,0.31366329555372985,0.3149159157899645,0.3161251245028714,0.3172909399137066,0.3184133853967774,0.3194924890180321,0.3205282840988556,0.3215208092212136,0.3224701090177273,0.3233762341970296,0.3242392419244594,0.3250591963538793,0.325836168715806,0.32657023787192163,0.32726149063952115,0.32791002216764714,0.32851593606536716,0.3290793457858621,0.3296003734977131,0.33007915150090267,0.33051582223890325,0.33091053884267546,0.33126346538823065,0.33157477728694235,0.33184466164778026,0.33207331762496356,0.3322609567602362,0.3324078033145064,0.33251409458842235,0.33258008123080063,0.3326060275338116,0.3325922117138646,0.33253892617713543,0.3324464777687164,0.33231518804319465,0.3321453933216279,0.3319374451220377,0.3316917101745288,0.3314085706140512,0.3310884241112436,0.3307316839805517,0.3303387792648549,0.3299101549864176,0.32944627142008465,0.3289476052476238,0.32841464880388926,0.3278479101248742,0.32724791179587237,0.32661519568780484,0.32595031669528474,0.32525384256634304,0.32452635993677365,0.3237684691285347
0.10496713326469448,0.09898288821515815,0.0940674655362408,0.09010994814911548,0.08701111126066455,0.0846820976654556,0.08304334110502945,0.082023286445074,0.08155799605630214,0.0815898507667035,0.08206709641189364,0.08294317066806409,0.08417614853768138,0.08572825244477988,0.0875654158577253,0.08965689716330982,0.0919749349820667,0.0944944421351903,0.09719273293295896,0.10004928018119526,0.10304549831346715,0.10616454977076131,0.1093911721203585,0.1127115230503283,0.11611312324168833,0.11958432620778285,0.12311501859461657,0.1266957087307896,0.13031784260025955,0.13397364185830227,0.13765603120713452,0.14135857279901373,0.14507540770954147,0.1488012019885957,0.15253109899473366,0.15626067587788503,0.1599859042583791,0.16370311460167306,0.167408964184468,0.17110040773901558,0.1747746706141426,0.17842935441985683,0.18206176974049462,0.18567020630167885,0.18925262493414677,0.1928072859407797,0.19633260582554082,0.1998271426734349,0.2032895842953143,0.20671873674108113,0.21011351393949362,0.21347292823863712,0.21679608176511367,0.22008215852803878,0.22333041720113542,0.22654018806257253,0.22971085270604913,0.23284185670858612,0.23593270354051055,0.2389829333336046,0.2419921322363049,0.24495992512156178,0.24788597199871584,0.25076996495290427,0.25361162490898437,0.25641069910295267,0.25916695856001853,0.2618801958331214,0.26455022293933295,0.2671768694785869,0.2697599809205421,0.27229941704663313,0.27479505053548375,0.2772467657250357,0.2796544572781029,0.2820180293969669,0.28433739471105257,0.2866124734769729,0.2888431928268073,0.2910294861008389,0.2931712922588915,0.29526855536489155,0.29732122413968914,0.2993292515775873,0.30129259462236097,0.3032112138988871,0.3050850735919872,0.30691414089034336,0.3086983864586182,0.3104377839541506,0.3121323100906184,0.3137819446362908,0.3153866704474844,0.316946473526477,0.3184613430623765,0.3199312718720345,0.3213562560352341,0.32273629543983795,0.32407139387524325,0.3253615595630717,0.32660680426250965,0.3278071452236023,0.3289626043462448,0.3300732087596826,0.3311389911359714,0.3321599900170428,0.33313625015407844,0.33406782254317896,0.3349547660519261,0.3357971458771718,0.3365950352026088,0.33734851525848586,0.33805767570850104,0.33872261504032386,0.33934344095853836,0.33992027077879483,0.34045323182197246,0.34094246180713933,0.34138810924211904,0.3417903338104499,0.34214930675355393,0.34246521124691076,0.34273824276978876,0.3429686094628985,0.3431565324839735,0.3433022463451335,0.34340599927324966,0.343468053400939,0.3434886852945581,0.3434681859559226,0.3434068613644263,0.34330503256762174,0.34316303595594183,0.3429812234772454,0.34275996283095367,0.34249963764083763,0.3422006476055517,0.34186340862606734,0.3414883529091792,0.34107592904633416,0.34062660206706225,0.34014085202053806,0.3396191797589362,0.33906209968501194,0.33847013969170564,0.33784384851169946,0.33718378903401197,0.33649054078128976,0.3357646989945909,0.3350068745723085,0.3342176938236643
0.10860102468742956,0.10247220725001042,0.09743615865295654,0.09337974781816386,0.09020174009154251,0.08781147017925178,0.08612768511062005,0.08507748289193721,0.08459542408328323,0.08462270937512632,0.08510646484018558,0.08599910747796197,0.08725778197502453,0.08884386099145389,0.09072250265939599,0.09286225606811435,0.09523471113040045,0.09781418685342591,0.100577453640191,0.10350348579917125,0.10657324062905961,0.1097694611708163,0.11307649987076637,0.11648016089117721,0.11996764109855741,0.12352699183945393,0.12714782855869378,0.13082040571416248,0.1345359366994992,0.13828642904115426,0.14206461020892147,0.1458638606580304,0.149678154001549,0.15350200186962307,0.15733040523635738,0.1611588099472768,0.16498306639764074,0.1687993932245899,0.17260434431173535,0.17639477894173095,0.1801678344548223,0.18392102553708767,0.18765160361803743,0.19135777253799827,0.1950374341167069,0.1986887890603902,0.20231019853206542,0.20590016949041476,0.2094573423258686,0.2129804791178674,0.21646845300138357,0.21992023845555214,0.2233349024307418,0.2267115962385721,0.2300495481367314,0.23334805654701601,0.23660648793617672,0.2398242547093816,0.24300083091388675,0.24613574647655362,0.24922856349129194,0.2522788880315652,0.2552863624697854,0.2582506622420869,0.26117149273041323,0.2640485864447643,0.2668817006510311,0.2696706147752284,0.2724151284567533,0.2751150595660697,0.2777702424401499,0.280380526277681,0.2829457736819008,0.28546585933998186,0.2879406688288196,0.2903700975379514,0.29275404970110774,0.29509243752861114,0.29738518043347817,0.29963220434467863,0.3018334411015196,0.303988827923626,0.30609830695141976,0.30816182485239707,0.31017933248887564,0.312150784643203,0.3140761397967277,0.31595536006287467,0.3177884106396441,0.3195752603795404,0.3213158813096426,0.323010248745238,0.3246583413270746,0.3262601410825995,0.3278156335714799,0.32932480795346936,0.33078765719505315,0.3322041782454027,0.3335743722515634,0.33489824478001373,0.3361758060950229,0.33740707133727277,0.338592061149373,0.33973080149254525,0.3408233243046191,0.3418696677565731,0.34286987655682905,0.34382400251516504,0.34473210460675563,0.3455942495678752,0.346410512230694,0.3471809759191334,0.34790573284949144,0.34858488453456826,0.3492185421900266,0.34980682714172623,0.35034987123276623,0.350847817228979,0.35130081922162937,0.35170904302604666,0.3520726665749634,0.3523918803052957,0.3526668875371423,0.3528979048437566,0.353085162412074,0.35322890438778975,0.3533293892158068,0.35338688995877837,0.3534016946046959,0.3533741064269823,0.35330444397868677,0.35319304176811483,0.35304025021265256,0.35284643592458104,0.3526119819046678,0.3523372877133229,0.352022769618405,0.35166886071879744,0.35127600937021736,0.35084468594851737,0.3503753745334965,0.349868572925402,0.34932480100206426,0.34874459398962254,0.34812850406945267,0.3474771002829307,0.34679096840664303,0.34607071078687557,0.3453169461988264,0.34453030956612235,0.3437114519611491
0.11190995735091128,0.10565290418555434,0.10051011100342125,0.09636645808217127,0.09311891364174726,0.09067518908809709,0.08895254992534307,0.08787676556369288,0.0873811767008299,0.08740588936173467,0.08789701525290532,0.08880605884449924,0.0900893297673939,0.09170743842292813,0.09362484662998716,0.09580946688721247,0.09823230670497253,0.10086715189746748,0.10369028442878432,0.10668023087215009,0.10981753787433751,0.11308457166014739,0.116465338674353,0.11994532538417335,0.12351135396272678,0.12715145429568495,0.13085474797577343,0.13461134439018552,0.1384122476929263,0.1422492727193425,0.14611496930457477,0.15000255468282245,0.1539058512858369,0.15781923179874432,0.16173756892472332,0.16565619008092802,0.16957083642126516,0.1734776255567027,0.17737301834124475,0.18125378779906928,0.18511699196036943,0.18895994780070394,0.192780209759141,0.19657554781938752,0.20034392909574883,0.2040835003517747,0.20779257239464458,0.21146960609826465,0.21511319870516848,0.21872207235348862,0.22229506308788555,0.22583111092186303,0.22932925075622765,0.232788604076797,0.23620837136191092,0.23958782513699706,0.2429263036194442,0.24622320954556845,0.24947798613764788,0.2526901361654335,0.2558592159768435,0.25898480977385707,0.2620665436266503,0.2651040775802728,0.26809710252535307,0.2710453373067474,0.27394852622800664,0.2768064364809481,0.27961885608735365,0.28238559188025725,0.28510646769346765,0.2877813227149944,0.2904100099919731,0.2929923950757496,0.29552835479674977,0.29801777615964725,0.3004605553501219,0.3028565968452517,0.3052058126202131,0.307508121444585,0.3097634482620807,0.31197172364803716,0.3141328833394331,0.3162468678326206,0.318313622044322,0.3203330950317825,0.3223052397682764,0.32423001297043413,0.3261073750850421,0.32793728975666697,0.32971972448760906,0.3314546501676107,0.3331420412365715,0.3347818757493503,0.3363741355345991,0.3379188062587283,0.3394158776480693,0.34086534367154925,0.3422672027657728,0.34362145806425415,0.34492811761042846,0.34618719494706823,0.34739870894157265,0.3485626844347339,0.3496791524971008,0.35074815072868987,0.3517697238438177,0.35274392370746355,0.3536708099570622,0.3545504503374306,0.35538292110374126,0.3561683074304981,0.3569067038251853,0.3575982145452658,0.3582429540172139,0.35884104725625604,0.3593926302855228,0.3598978505532871,0.3603568673469949,0.3607698522027796,0.3611369893091617,0.3614584759036486,0.36173452266093986,0.3619653540714655,0.3621512088089926,0.36229234008604105,0.36238901599670986,0.36244151984063383,0.3624501504395752,0.36241522242844043,0.3623370665324003,0.36221602989097534,0.36205247602470636,0.36184678545693344,0.36159935563391987,0.36131060116237357,0.3609809520417902,0.36061086334549447,0.3602007961905568,0.3597512369274472,0.3592626876170604,0.3587356679534301,0.3581707152452179,0.35756838436776067,0.3569292476852318,0.35625389494251725,0.35554293312648955,0.354796986284699,0.35401669537191993,0.3532027179477393,0.3523557279611266
0.11492389324416954,0.10855273594306332,0.10331518570828835,0.09909433301037288,0.095785528961967,0.09329502178767625,0.0915387511298318,0.09044128358124909,0.08993487056506824,0.08995861496913363,0.09045772999494402,0.09138290354813276,0.09268968283317944,0.09433799560454185,0.09629167675956038,0.09851806556984563,0.10098764505626259,0.10367372073680005,0.10655213460839848,0.10960100982624331,0.11280052298962971,0.11613270067599654,0.11958123745707297,0.12313133324456235,0.1267695468356381,0.1304837524129413,0.13426258903426008,0.13809622072007832,0.1419753761894325,0.145891696326788,0.14983757068402934,0.15380606873133398,0.15779087666176322,0.16178624148222012,0.1657869199247752,0.16978813235587284,0.17378552100339895,0.17777511241754362,0.181753282793096,0.18571672727710412,0.1896624315732378,0.1935876465082136,0.1974898641969884,0.20136679769063912,0.20521636099265436,0.20903665195469795,0.21282593580460435,0.21658263122209426,0.22030529624375642,0.2239926166240391,0.2276433945679929,0.23125653861924284,0.23483105438338372,0.23836603605228485,0.24186065865173054,0.24531417094858307,0.24872588895975692,0.2520951900107659,0.2554215125029926,0.25870432995117726,0.2619431732811539,0.26513762492738,0.26828729078454544,0.271391816596771,0.2744508797468162,0.27746418629578934,0.28043146844670835,0.28335248189246376,0.2862270037265321,0.28905483037444074,0.2918357757421622,0.29456966953216823,0.2972563557144985,0.29989569114127007,0.3024875442940543,0.3050317941544205,0.3075283291887847,0.30997704643941076,0.3123778507141084,0.31473065386776145,0.31703537416938854,0.31929193574893106,0.3215002681184298,0.3236603057626614,0.325771987794685,0.32783525767209265,0.3298500629700691,0.33181635520764335,0.3337340897237776,0.335603225716509,0.3374237257328213,0.3391955564085856,0.3409186880148248,0.3425930946678552,0.34421875443364264,0.3457956495241356,0.34732376639860196,0.34880309602129295,0.3502336340826746,0.35161538123600283,0.352948343328259,0.3542325319834559,0.35546796446097084,0.35665466430180115,0.35779266160032663,0.3588819933185691,0.3599227038745354,0.36091484520272815,0.36185847738166316,0.3627536689828029,0.3636004974860704,0.36439904970130477,0.36514942219426944,0.3658517217158384,0.3665060656329993,0.3671125823602996,0.36767141179037766,0.3681827057222232,0.36864662828581357,0.3690633563617708,0.3694330799947046,0.3697560027988985,0.37003234235501054,0.3702623305964723,0.3704462141842745,0.37058425486885244,0.3706767298377816,0.37072393204894255,0.3707261705424624,0.3706837707439059,0.37059707473919573,0.3704664415339303,0.3702922472904218,0.37007488344306627,0.3698147652859542,0.36951232170772236,0.3691679950785489,0.36878225224229927,0.36835557595273816,0.36788846709641876,0.36738144472379336,0.3668350460509805,0.3662498264315985,0.36562635929813625,0.36496523607240783,0.3642670660447233,0.3635324762214674,0.3627621111283161,0.36195663264438027,0.36111671967844283,0.36024306793930033
0.11767001117760133,0.11119701915646132,0.10587510243855616,0.1015857362734293,0.09822281246888374,0.09569125881762146,0.0939058186940299,0.09278997310068793,0.09227498750311765,0.09229906809088587,0.09280661536167904,0.09374756230556013,0.0950767842634682,0.09675359836625276,0.09874126076497823,0.1010065972370193,0.10351961703358609,0.10625319181734551,0.10918276596253873,0.11228609811461021,0.11554303038956817,0.11893528232375865,0.1224462664909023,0.1260609236247164,0.1297655743265322,0.13354778704258297,0.1373962588499011,0.1413007084780239,0.14525178022160487,0.14924095732994463,0.15326048454723973,0.15730329710468252,0.16136295785515659,0.16543359988031642,0.1695098747545483,0.17358690570093158,0.17766024539814296,0.18172583733899653,0.1857799811818013,0.18981930125019628,0.1938407176477888,0.1978414206112076,0.2018189611262424,0.20577065472847098,0.2096947127695787,0.21358907315742276,0.2174519596403342,0.2212817523640368,0.22507697357888873,0.22883627574948695,0.23255843013788138,0.23624231645268157,0.23988691344593713,0.2434912902563886,0.24705459848947797,0.25057606510498226,0.2540549856358617,0.2574907182426735,0.2608826781432401,0.2642303383049951,0.267533201545273,0.27079082604625704,0.2740028195289446,0.2771688088541399,0.28028845876452374,0.28336146339699736,0.28638754348302625,0.2893664440172224,0.29229793175313573,0.295181793284127,0.29801783311582797,0.3008058719486731,0.3035457451186495,0.306237301184483,0.3088804006504952,0.3114749148152641,0.31402072473704823,0.31651772030768444,0.3189657994273553,0.3213648672732313,0.32371483565556664,0.32601562245533305,0.3282671511379429,0.33046935033803343,0.3326221535106711,0.33472549864468,0.3367793280341129,0.33878358810417686,0.34073822928817166,0.34264320595224895,0.3444984764848183,0.34630400281629853,0.3480597512271219,0.3497656919180546,0.35142179925215095,0.3530280519652039,0.35458443326434136,0.35609093110166434,0.3575475384032978,0.3589542533129662,0.3603110795136686,0.3616180264400872,0.3628751098989215,0.3640823519824176,0.3652397817491073,0.3663474353355743,0.36740535683416253,0.36841359809137425,0.36937221948318066,0.37028129024891676,0.3711408889187596,0.37195110374705004,0.3727120331500353,0.37342378614661,0.37408648280063567,0.37470025466343226,0.3752652452150285,0.37578161030277274,0.3762495185759008,0.3766691519146744,0.37704070585269667,0.3773643899910295,0.3776404284027436,0.3778690600265386,0.3780505390480918,0.37818513526780256,0.3782731344536208,0.37831483867766436,0.3783105666363298,0.3782606539468383,0.3781654534335914,0.3780253329580656,0.37784068536069104,0.3776119165391979,0.3773394457168093,0.37702371746324775,0.37666519252276354,0.37626435009039816,0.37582168795890136,0.37533772257187875,0.3748129890472698,0.3742480411704966,0.373643451356691,0.3729998105814871,0.37231772827993725,0.371597832213187,0.3708407682892179,0.3700472004180102,0.3692178101994478,0.36835329671292627,0.36745437620680876
0.12017290898176773,0.11360877342871831,0.10821152951658582,0.10386119092334643,0.10045032901648591,0.09788267683921968,0.09607189519037104,0.09494048283019743,0.09441881293191473,0.09444428014094358,0.09496054605243805,0.09591687020899478,0.09726751758956806,0.09897123229053903,0.1009907653688194,0.10329248306510701,0.10584595209801963,0.10862365550868734,0.1116006774101268,0.11475444603318834,0.11806450031998252,0.12151228143366166,0.12508094622162563,0.12875520038235808,0.1325211483705223,0.13636615981912867,0.14027883920248932,0.14424846545037487,0.14826579892480674,0.15232208939350486,0.1564094497035437,0.16052069347466374,0.16464927132645357,0.16878921278444073,0.172935073761407,0.17708188914609654,0.1812251300234851,0.1853606644176871,0.18948472223997304,0.1935938631880409,0.19768494773761056,0.20175511047993297,0.20580184792217637,0.20982243907245438,0.2138150399235719,0.21777755123670084,0.2217081590149089,0.22560520773001072,0.22946718725928666,0.23329271940420468,0.2370805470196195,0.24082952335757055,0.24453860245408346,0.24820683039157898,0.25183333724611195,0.25541732974637316,0.25895808454824965,0.2624549420772988,0.26590730089042797,0.26931461250481087,0.27267638302308006,0.2759921371454841,0.2792614774602541,0.2824840175838227,0.28565941045245663,0.28878733896309033,0.2918675131972969,0.294899667894628,0.29788356006192585,0.300818967076999,0.30370568448934715,0.3065435244438116,0.30933231405317024,0.31207189396084506,0.3147621170418444,0.3174028472319214,0.3199939584757529,0.3225353337857202,0.3250268644035473,0.32746844905769795,0.32985999330998594,0.3322014089853883,0.33449261367950983,0.3367335303385845,0.33892408690728254,0.34106421603994796,0.34315385487121,0.34519294484220414,0.3471814315788953,0.34911926481924127,0.35100639838614317,0.35284279032446575,0.3546284024587442,0.35636320125576165,0.3580471574118836,0.3596802462133022,0.3612624476313162,0.3627937466122037,0.3642741333138684,0.3657036033560766,0.3670821581565653,0.368409805221278,0.3696865584244245,0.3709124386530574,0.372087473698046,0.3732116990167759,0.3742851580062644,0.3753079023448667,0.37627999275001656,0.3772014989054707,0.3780725002379153,0.37889308627679247,0.3796633571031931,0.3803834238015536,0.38105340891269046,0.38167344688672483,0.3822436845344367,0.38276428147560787,0.38323541058290994,0.383657258419907,0.3840300256717399,0.3843539275670772,0.3846291942899256,0.3848560713798986,0.38503482011956675,0.3851657179075256,0.3852490586158313,0.3852851529304853,0.3852743286736683,0.3852169284108424,0.3851133205175087,0.3849638859504052,0.3847690185039083,0.38452913848319564,0.3842446821168826,0.38391610441226076,0.38354387934992823,0.38312849974401336,0.38267047768826823,0.3821703443546987,0.38162865007167945,0.38104596430851884,0.3804228756281706,0.37975999160758855,0.3790579387252901,0.3783173622157853,0.3775389258764426,0.3767233119116555,0.37587122060144873,0.37498337007843047,0.37406049600009333
0.12245481684591207,0.11580888655563566,0.11034420711044117,0.10593946623058835,0.10248603751444743,0.0998866233129576,0.09805374239001695,0.09690916231051289,0.09638239329882768,0.09641009357254643,0.09693525415667681,0.09790652335246722,0.09927760840602283,0.10100674413044329,0.10305622049161293,0.1053919645381096,0.10798316163466362,0.11080194798684594,0.11382306565373185,0.11702364747112426,0.12038295682922061,0.12388218180631935,0.12750424671605923,0.1312336434865462,0.1350562799717587,0.13895934487909642,0.1429312766412457,0.14696119927025383,0.15103973331635004,0.15515799776467118,0.15930798531637944,0.16348239878348544,0.16767458647704864,0.17187848349413284,0.17608855850276162,0.18029976596856032,0.1845075023124239,0.18870756674161968,0.1928961254379844,0.19706967917890647,0.20122503365953365,0.20535927304901447,0.20946973557924572,0.21355399075394818,0.21760982020534972,0.22163519858139166,0.22562827705726168,0.22958736773865246,0.23351093038535745,0.23739755876818996,0.241245969584109,0.24505499168796638,0.24882355638665946,0.25255068844473244,0.2562354980218308,0.2598771731788578,0.2634749730573102,0.26702822162826745,0.2705363019679337,0.2739986510150357,0.2774147618508852,0.2807841507580697,0.2841063896964063,0.28738110041946785,0.2906079179187241,0.2937865145196643,0.2969165902327861,0.299997870169564,0.3030301021915053,0.30601305476667345,0.30894651497707043,0.31183028691813114,0.3146641897996694,0.3174480567123578,0.32018173322823545,0.3228650762220121,0.3254979528039106,0.3280802393650592,0.3306118207275819,0.3330925893921691,0.3355224448764924,0.33790129313834893,0.3402290460779024,0.34250562111381644,0.3447309408284752,0.3469049326778394,0.3490275287618093,0.3510986656512659,0.35311828426821745,0.3550863298157297,0.35700275175452284,0.3588675038233272,0.3606805442204122,0.36244183520766127,0.3641513440129947,0.36580904245914786,0.36741490735909715,0.36896892065398607,0.3704710697413291,0.37192134771472113,0.37331975371433307,0.3746662932236249,0.37596097844000037,0.377203828537535,0.37839487034455355,0.37953413834872535,0.38062167536211094,0.38165753288148285,0.3826417715222392,0.38357446146100854,0.38445568280529674,0.3852855263708032,0.3860640936557915,0.38679149762808573,0.38746786310666637,0.3880933272244555,0.38866803988920723,0.3891921642410139,0.38966587710495026,0.3900893694373754,0.3904628467644346,0.39078652961129823,0.39106065392069633,0.3912854714593219,0.3914612502106791,0.39158827475298613,0.3916668466207589,0.3916972846487164,0.39167992232474735,0.39161512295424683,0.391503250224807,0.39134469818165163,0.3911398766107459,0.3908892142176113,0.3905931588134785,0.3902521774731183,0.3898667566644685,0.38943740240881614,0.3889646401112486,0.3884490149624299,0.38789109170413977,0.3872914546663227,0.38665070771040666,0.3859694741393822,0.3852483965742331,0.38448813679638144,0.3836893755410175,0.382852812330534,0.38197916512439356,0.381069170083798,0.3801235812273619
0.12453580930633908,0.11781628709985623,0.11229108549094913,0.10783768632829409,0.10434637399442379,0.10171881164090872,0.09986678484774802,0.09871109061817507,0.09818055605804189,0.09821116944483689,0.09874531169161808,0.09973107489427101,0.1011216587405798,0.10287483446302398,0.10495246821807193,0.10732009935507858,0.10994656310274009,0.11280365574000015,0.11586583581706546,0.11910995766938795,0.12251503355083924,0.1260620208404774,0.12973363185814507,0.13351416360101215,0.13738934460104438,0.1413461985154166,0.14537292085509854,0.14945876848066078,0.15359396006869372,0.15776958659722376,0.1619775310317859,0.1662103949185664,0.17046143315817558,0.17472449447123303,0.17899396779621943,0.18326473388829675,0.18753212101708863,0.1917918653353476,0.19604007467606596,0.2002731957868375,0.20448798431666568,0.2086814780436792,0.21285097219515603,0.21699399632839497,0.22110829502854207,0.22519180854593407,0.22924265593188214,0.23325911976052985,0.2372396315762347,0.2411827597451399,0.24508719670635304,0.24895174880837911,0.25277532626463817,0.2565569341649499,0.26029566421813355,0.2639906871625122,0.2676412458722652,0.2712466490147521,0.274806265247501,0.2783195179032668,0.2817858801221355,0.28520487801976807,0.2885760558564388,0.2918990116493974,0.29517339131790804,0.29839884985889537,0.3015750777664151,0.30470179107173695,0.3077787289071834,0.3108056513672509,0.31378233752090395,0.31670858361220267,0.3195842013857013,0.3224090167752678,0.32518286831323817,0.3279056060980896,0.3305770906806019,0.33319719205623577,0.33576578886655334,0.33828276759735193,0.34074802192017856,0.34316145210980803,0.3455229645421527,0.34783247126731925,0.3500898896529362,0.35229514209322976,0.3544481557796588,0.35654886252921225,0.35859719866674356,0.3605931049579542,0.36253652658986757,0.36442741319581967,0.3662657189221786,0.3680514026509226,0.3697844276587184,0.37146476252793953,0.37309238090387287,0.37466726176408605,0.37618938976307637,0.3776587554760933,0.37907535576394,0.38043919407754206,0.3817502808316335,0.3830086337533696,0.38421427825148874,0.38536724804339795,0.38646758522986546,0.3875153409630085,0.3885105758317657,0.3894533603149774,0.39034377524153113,0.39118191225600774,0.3919678742101155,0.3927017759487835,0.3933837443095343,0.39401391891175014,0.3945924525469104,0.3951195116447354,0.39559527673406225,0.39601994289693526,0.3963937202144144,0.3967168342026073,0.3969895262374478,0.3972120539667528,0.39738469170812524,0.39750773083125335,0.39758147686466155,0.39760626613547395,0.39758243351097766,0.3975103452904542,0.3973903831973565,0.3972229478935441,0.39700845922181155,0.3967473564108065,0.3964400982588151,0.3960871632883044,0.3956890498714047,0.395246276325413,0.39475938103581926,0.3942289222545303,0.3936554784546775,0.39303964806084574,0.39238204944281624,0.39168332081556634,0.39094412010479446,0.390165124777662,0.3893470316229395,0.3884905565739741,0.3875964343403954,0.3866654181608516,0.3856982794426023
0.12643400854237585,0.11964811536632369,0.11406846796378999,0.10957144892242576,0.10604634972815162,0.1033939349249119,0.10152517578880133,0.10036013031688155,0.09982695411449144,0.0998610245335075,0.10040416604348075,0.10140396339635152,0.10281315323580704,0.10458908380519194,0.10669323449509563,0.10909079076740931,0.11175026377430242,0.1146431528085221,0.11774364407772395,0.12102833619027495,0.12447602941710284,0.128067452870602,0.13178513093113092,0.1356131823967492,0.13953717178825645,0.14354397195217036,0.1476216392424053,0.1517593968474152,0.1559470622226026,0.1601759005892119,0.16443760005325994,0.16872466942934528,0.1730302779870248,0.17734819528367007,0.18167273732937542,0.18599871711161164,0.1903214004379432,0.19463646560502484,0.19893996688007998,0.20322830139119064,0.20749817880611326,0.21174659425996722,0.21597080323151446,0.22016840475762703,0.2243367917948398,0.2284741899930394,0.23257858328606892,0.23664822665140778,0.24068152613350932,0.24467702619586745,0.24863339696186712,0.25254942392786456,0.2564239978223407,0.26025610544694405,0.264044821356742,0.26778930021030517,0.27148876973061586,0.2751425243189628,0.27874991917311287,0.2823103649062387,0.28582332261816934,0.2892882993813462,0.29270485225479825,0.2960725437624722,0.29939101990539446,0.30265992551896703,0.30587894211489414,0.30904777708858117,0.31216616130510305,0.3152338468984221,0.31825060526760984,0.3212162252457778,0.3241305114846172,0.32699328285756896,0.32980437132188767,0.33256362042321563,0.33527088438343605,0.33792602707794883,0.3405289211666178,0.34307944732527396,0.3455774935709446,0.34802295467454386,0.3504157316662151,0.35275573136214905,0.3550428660721823,0.3572770532650278,0.35945821535047895,0.36158627950933114,0.36366117757819627,0.36568284598578144,0.367651225737405,0.36956626244474444,0.37142790639796697,0.37323611280639934,0.3749908414142924,0.3766920574947196,0.3783397315678236,0.3799338396814065,0.3814743637720708,0.38296129191276407,0.38439461869179126,0.3857743455229188,0.38710048103135525,0.3883730414075591,0.38959205079279435,0.3907575419063898,0.39186955614315844,0.39292814424299977,0.3939333666885824,0.3948852941684448,0.39578400804706476,0.3966296008402893,0.3974221766945328,0.3981618518681444,0.398848755213369,0.3994830285828428,0.40006482760746287,0.40059432171919784,0.4010716949222463,0.4014971461784241,0.4018708898598157,0.4021931561911447,0.4024641916803526,0.40268425953589304,0.40285364006926516,0.4029726275341029,0.4030415482309874,0.4030607253847846,0.4030305149461289,0.40295128816272013,0.4028234354109301,0.40264736645704496,0.40242351068699883,0.4021523173214395,0.40183425559086466,0.40146981488798184,0.40105950488898207,0.4006038556440048,0.4001034176359445,0.39955876186382383,0.39897047960653675,0.3983391827283079,0.39766550337161277,0.3969500939056352,0.3961936267811384,0.3953967943497902,0.3945603086314778,0.3936849011270906,0.39277132243262014,0.39182034198033355,0.39083274766280257
0.12816577498759188,0.12131988744707056,0.11569115174616647,0.11115494638394002,0.10759965542930355,0.10492522270078578,0.1030418753484364,0.10186899606767577,0.10133412679695435,0.10137208650027767,0.10192419099059649,0.10293756116714213,0.10436451026629194,0.10616199968085302,0.10829115501790487,0.11071683797327862,0.11340726315149675,0.11633365803528485,0.11946995952857992,0.1227925432550306,0.1262799818888771,0.12991282893250305,0.13367342542738533,0.1375457268802179,0.14151514752968966,0.14556842183396043,0.14969347870429722,0.15387942425768095,0.1581159661689915,0.1623942714373414,0.1667059351406808,0.1710433810990461,0.17539969987701032,0.17976858842351204,0.18414429556078765,0.1885215721466841,0.19289562649709152,0.1972620836917784,0.20161694876087707,0.20595657299402775,0.21027762387225454,0.21457705718605724,0.2188520919423461,0.22310029045414045,0.2273190227369064,0.2315064765824586,0.23566061151075202,0.23977965708506543,0.24386199564616526,0.24790614955651186,0.2519107682522994,0.2558746178887183,0.259796571071423,0.26367559762726284,0.267510756164482,0.27130118630960903,0.27504610166286314,0.2787447833138122,0.28239657386131023,0.286000872003009,0.2895571275431031,0.2930648368270278,0.29652354748958165,0.29993281862414084,0.30329226336662257,0.30660154280597757,0.3098603212975657,0.3130682980599835,0.31622519609347055,0.31933075995428667,0.32238475372848296,0.32538695919006555,0.3283371741298296,0.33123521084231317,0.33408089475936764,0.33687406316632745,0.33961456431399495,0.3423022561054719,0.3449370054390521,0.347518687377725,0.350047184469158,0.35252238615435255,0.3549441882591077,0.35731249256287556,0.359627206440003,0.36188824256871654,0.3640955187035391,0.3662489575071398,0.36834848644945356,0.3703940377012347,0.37238554819187564,0.3743229595980241,0.3762062185819575,0.3780352762918263,0.37981008948679074,0.38153062000094573,0.38319683528932624,0.38480870850959975,0.3863662189036909,0.38786935208947765,0.38931810035944364,0.39071246314175173,0.3920524472290909,0.3933380672737129,0.39456934612485206,0.39574631546920114,0.39686901594970797,0.39793749783703186,0.3989518214388559,0.3999120575725816,0.40081828804488184,0.4016706061364739,0.4024691170904741,0.40321393860270927,0.4039052013123604,0.4045430492913299,0.4051276405307258,0.4056591473506993,0.4061377571666091,0.40656367251961584,0.40693711182910364,0.4072583097672444,0.407527517694978,0.40774500023726457,0.4079110549243182,0.40802597411271796,0.4080900838259706,0.40810372487207186,0.40806725702128915,0.4079810593145986,0.40784553034834836,0.4076610885338691,0.4074281723320277,0.40714724045416867,0.4068187720468748,0.4064432668345928,0.40602124523790595,0.4055532484589548,0.4050398385344141,0.40448159835522823,0.40387913165239364,0.4032330630025132,0.4025440375251036,0.4018127210931355,0.40103979995612854,0.4002259806040303,0.39937198952205333,0.3984785729935467,0.39754649669705916,0.3965765454362908,0.3955695227490842
0.1297458832472824,0.12284564932197517,0.11717256337161158,0.11260108458878829,0.10901876644796661,0.10632480110687786,0.10442873442743777,0.10324933069160266,0.10271356979048332,0.10275575920734528,0.10331674875861045,0.10434323440222898,0.10578714113484304,0.10760507598388383,0.10975784015260652,0.11220999846894196,0.11492949357447112,0.11788730362717868,0.12105713680533302,0.12441515876834151,0.1279397493298594,0.13161128474015513,0.13541193629578338,0.13932552977607038,0.14333732112651865,0.1474339244096702,0.15160315137956387,0.15583390531589025,0.16011607881555684,0.16444046243100768,0.16879866131889937,0.17318302084118578,0.17758655926545047,0.18200290661802493,0.18642624984050363,0.19085128256555464,0.19527316012482052,0.19968745853501924,0.20409013736533027,0.20847750576561266,0.212846192123532,0.2171931159468251,0.22151546254483306,0.22581076027858438,0.23007635795148565,0.23431040830018462,0.23851084827437968,0.24267588389244169,0.2468038755648954,0.2508933247261901,0.2549428621058893,0.2589512356876437,0.2629173012159317,0.26684001268864843,0.2707184138260763,0.27455163026793367,0.27833886238921424,0.282079378787682,0.28577251028495704,0.28941764438639,0.2930142202790991,0.29656172421122906,0.3000596852681456,0.3035076809210104,0.3069052864105189,0.31025216566482194,0.3135479741856688,0.3167924034230513,0.3199851688932421,0.3231260079304983,0.3262146776403776,0.32925095303951774,0.33223462536804205,0.33516550056190514,0.3380433978735784,0.3408681486304389,0.34363959512109643,0.34635758955780643,0.34902199336637796,0.3516326761413361,0.3541895151292875,0.3566923946306851,0.35914120542674705,0.361535844388377,0.3638762141067506,0.36616222260284487,0.3683937831012446,0.37057081386416624,0.3726932380819265,0.37476098381631046,0.3767739839935459,0.3787321764437633,0.380635504159833,0.3824839146960452,0.384277361451301,0.3860158030762106,0.3876992040007648,0.3893275345122454,0.3909007712013971,0.3924188972618765,0.3938819027457451,0.3952897850349607,0.3966425491436157,0.3979402081655612,0.3991827836410999,0.40037030619781827,0.4015028156895206,0.4025803618697348,0.40360300481211564,0.4045708153923226,0.4054838757766471,0.4063422799157093,0.4071461340415506,0.4078955571664561,0.4085906815818635,0.4092316533556972,0.4098186328265003,0.4103517950927222,0.4108313304955564,0.411257445093697,0.41163036106030276,0.4119503174109405,0.4122175658859884,0.41243239237988377,0.4125950758314677,0.4127059300679752,0.4127652834541242,0.41277348339127523,0.41273089664976526,0.41263790967811814,0.4124949288877832,0.41230238091212773,0.4120607128397226,0.41177039241291397,0.4114319082102417,0.4110457697852123,0.4106125077803591,0.41013267400762166,0.40960684149553866,0.40903560450244786,0.408419578494998,0.40775940009133466,0.40705572702141096,0.40630923778473155,0.4055206318065384,0.4046906290193047,0.4038199696597583,0.40290941406211367,0.4019597422386417,0.40097175359875803,0.399946266543468
0.13118768282928478,0.12423811956391834,0.11852488565493322,0.11392159698450026,0.11031504501397912,0.10760373242505004,0.10569657968414474,0.10451178383375648,0.1039758088537254,0.10402249274000376,0.10459225750543392,0.10563140886460926,0.10709151547156653,0.10892885839569574,0.11110394168964842,0.11358105659003725,0.11632789606226668,0.11931520907780942,0.12251649352097103,0.1259077219669696,0.12946709683681185,0.1331748313102602,0.1370129534424503,0.14096513074080716,0.1450165123035576,0.14915358838444068,0.15336406279922468,0.15763673937303088,0.16196141891449262,0.16632880822971224,0.17073043133494772,0.17515856436001917,0.1796061577226816,0.18406677975780483,0.18853456030521648,0.19300414015179979,0.19747062569837887,0.2019295476945795,0.2063768235048867,0.21080872350281657,0.21522183985129362,0.2196130584801603,0.22397953349799704,0.22831876157213293,0.23262807256360246,0.2369055859918649,0.24114921806240797,0.24535715292023458,0.24952773059644207,0.2536594332657234,0.25775087395471363,0.2618007838254539,0.26580800289701023,0.2697714703896927,0.2736902161168008,0.2775633526026969,0.2813900678725578,0.28516961880766,0.2889013251383568,0.2925845638527516,0.29621876415958276,0.2998034027769363,0.3033379997056632,0.30682212451879143,0.3102553516459778,0.31363730979400223,0.31696767560357114,0.32024612326800933,0.3234723611733897,0.3266461197632101,0.3297671494730318,0.33283521885350853,0.3358501128678447,0.3388116313509006,0.3417195876182251,0.3445738072142989,0.3473741267901314,0.3501203931011767,0.35281246211726286,0.3554501981952216,0.3580334735595505,0.3605621674478612,0.3630361657719806,0.365455360640624,0.3678196500003143,0.3701289373348488,0.3723831314843405,0.3745821464164275,0.3767259011631666,0.37881431975732743,0.38084733122970565,0.382824869653491,0.38474687423273096,0.3866132895988948,0.38842406528894463,0.3901791570206115,0.39187852617492686,0.39352214033226607,0.3951099734509094,0.39664200628315394,0.39811822667716634,0.39953862999684225,0.4009032195142307,0.40221200672222185,0.40346501185560085,0.40466226446329717,0.4058038035801316,0.40688967840253154,0.4079199487195144,0.40889468540337,0.4098139709069722,0.41067789976600083,0.4114865791043788,0.41224012914121333,0.412938683697563,0.4135823907013503,0.4141714126887443,0.4147059273003552,0.41518612777058395,0.41561222332419057,0.4159844399857922,0.4163030160819076,0.4165682252612935,0.4167803323884766,0.4169396383670571,0.4170464583881976,0.4171011266975107,0.4171039969651258,0.41705544261924,0.4169558571558922,0.41680565442360995,0.41660526888162297,0.41635515583038846,0.4160557916145608,0.4157076737892693,0.4153113212687303,0.4148672744292226,0.41437609518582785,0.41383836703389015,0.41325469505577683,0.4126257058922386,0.4119520476777478,0.41123438993927786,0.410473423509702,0.4096698601444932,0.4088244326221516,0.4079378942648031,0.4070110187749837,0.4060445998002561,0.4050394506417668,0.40399640383464036
0.13250324381512504,0.12550881995858473,0.11975917544823866,0.11512715103251346,0.11149883777825857,0.10877210443722483,0.10685529675895837,0.10566609003088105,0.10513047388162472,0.10518185455856201,0.10576026046271095,0.10681163827331512,0.10828722883704105,0.11014301341939668,0.11233922181015132,0.11483989406990731,0.11761249299479083,0.12062755645434341,0.12385838859256348,0.12728078406176835,0.13087278178612308,0.13461444461454922,0.13848766230244472,0.14247597505578136,0.14656441473589846,0.15073935591014295,0.15498842580343775,0.15930031340696763,0.16366484083742994,0.1680723414894615,0.17251456234696347,0.1769836143350186,0.1814723861794333,0.18597438913980954,0.19048370032602618,0.19499491146558542,0.19950308376401216,0.20400370594290795,0.20849265658545327,0.2129661698928924,0.2174208045107176,0.22185341523106603,0.22626112721510466,0.23064140791239113,0.23499156898061113,0.23930969968287594,0.24359369672836084,0.2478417239074136,0.252052102228667,0.2562232960493811,0.26035390175312684,0.26444263484126235,0.26848832063857053,0.2724898845431355,0.2764463433468212,0.2803567972876525,0.2842204227720242,0.2880364657098149,0.29180423538358014,0.2955230988930237,0.29919247598967824,0.3028118344289286,0.3063806856102304,0.3098985806798388,0.31336511755954344,0.316779884444081,0.3201425632031531,0.3234528202158523,0.3267103570673822,0.3299148976196038,0.3330661859285865,0.3361639843523433,0.3392080718346782,0.3421982423522546,0.3451343035130891,0.3480160752956438,0.35084338891859707,0.35361608583217635,0.3563340168226728,0.3589970412224378,0.361605026218261,0.3641578462116634,0.36665538246701923,0.36909752243096045,0.37148415954067104,0.3738151928930317,0.37609052702193846,0.3783100717372715,0.3804737420216454,0.3825814579813229,0.3846331448365468,0.3866287330161542,0.38856815818360513,0.3904513615976398,0.39227828953112237,0.39404889463707427,0.3957631353789002,0.3974209765946824,0.39902238967388654,0.4005673529884444,0.40205585219871137,0.4034878806853324,0.40486343993571455,0.40618253991333075,0.4074451995638559,0.4086514472001154,0.4098013211583356,0.4108948699968096,0.41193215308817444,0.41291324142620184,0.413838217595642,0.4147071766413766,0.4155202264917331,0.41627748847317386,0.41697909782455267,0.4176252042092347,0.418215972223366,0.4187515818986137,0.41923222919768033,0.41965812650093914,0.4200294983317093,0.4203466055741994,0.42060969841552726,0.4208190642884849,0.42097500453520476,0.42107783955713374,0.4211279092082997,0.42112557309630044,0.421071211001665,0.42096522313153917,0.4208080304181872,0.4206000747763016,0.42034181933196285,0.42003374862204357,0.419676368764255,0.4192702075886452,0.41881581474993973,0.4183137617924094,0.4177646421870616,0.417169071332062,0.4165276865170752,0.4158411468509171,0.4151101331519941,0.41433534780110126,0.413517514556244,0.41265737837815986,0.41175570495290975,0.41081328076404816,0.4098309124422284,0.4088094265137864,0.40774966896755366
0.13370348787704275,0.12666819461676937,0.12088547207581561,0.11622744756123961,0.11257956716208753,0.10983911581732256,0.10791390992232211,0.10672114414240047,0.10618637111766888,0.10624259911334222,0.1068294939650131,0.10789267141934798,0.10938306987160712,0.11125639432259614,0.11347262178330658,0.11599555993552559,0.11879245987474613,0.12183366442691772,0.12509229888806195,0.12854399368008818,0.1321666367036499,0.1359401519687955,0.13984630145827368,0.14386850774332569,0.14799169432598455,0.1522021435729782,0.15648735950589468,0.1608359935373979,0.16523775761892817,0.16968292004029006,0.1741631617812544,0.17867053162975793,0.1831978611781528,0.18773860881271387,0.19228680270349335,0.19683698926350016,0.20138418770630478,0.20592384782679152,0.21045181209988328,0.21496428121221672,0.21945778268185093,0.22392914237047865,0.22837545853088925,0.2327940781771803,0.23718267214992336,0.2415387327427068,0.2458605207771325,0.25014608472719424,0.25439372785391623,0.2586018979355174,0.26276917563092617,0.2668942619681244,0.2709759684580189,0.2750132075468985,0.2790049838127925,0.2829503859571073,0.2868485794696972,0.2906987999108712,0.2945003467589359,0.2982525777465134,0.30195490373665573,0.305606783959945,0.30920772167768745,0.3127572602573682,0.3162549909001159,0.3197005032849756,0.323093441560298,0.3264334977281405,0.3297203558410808,0.3329537334683913,0.33613336855895126,0.3392590175349939,0.34233045356353226,0.3453474649924848,0.34830985393960545,0.35121743502332775,0.35407003422551264,0.3568674878769197,0.35960964175695875,0.36229635029995494,0.3649274759007687,0.3675028883131814,0.3700224640947274,0.37248608633618474,0.3748936440545125,0.3772450320743167,0.3795401507644131,0.3817789058794898,0.38396120846015797,0.38608697478773524,0.38815612639033914,0.3901685900970635,0.3921242981372022,0.39402318828164845,0.39586520417863275,0.39765029492579224,0.39937841630976284,0.4010495304790005,0.40266360629998615,0.40422061980314633,0.40572055449261335,0.40716340179063254,0.40854916142679054,0.40987784182033205,0.41114946059009005,0.4123640449523281,0.4135216323786667,0.41462227081151326,0.41566601934733993,0.4166529486098182,0.4175831416153404,0.41845669376092826,0.41927371370037003,0.42003432377712746,0.4207386605457377,0.42138687529078855,0.4219791345417445,0.4225156205818899,0.42299652688029016,0.4234220788735538,0.4237925090395078,0.42410805748655683,0.4243689976340051,0.42457561643319947,0.4247282198456406,0.4248271332447118,0.42487270179679026,0.424865290820243,0.42480528612083596,0.4246930943162526,0.4245291430636618,0.4243138814006178,0.4240477799160067,0.4237313309612346,0.42336504881738735,0.422949469822846,0.4224851524817815,0.42197267752381334,0.421412647935694,0.42080568895549647,0.4201524480300767,0.4194535947352074,0.4187098206578754,0.41792183924031595,0.4170903855854761,0.41621621622367494,0.415300108868603,0.41434286199185244,0.4133452946462463,0.41230824596030446,0.4112325747407644
0.134798307487475,0.1277257174590792,0.12191289591010027,0.11723131174640655,0.11356581607130385,0.11081315519486208,0.10888065709333578,0.10768507290133067,0.10715155187165636,0.10721273509411137,0.10780795345182714,0.10888251711906477,0.11038708540343208,0.11227710758058508,0.11451232730878436,0.11705633801277113,0.11987619446958954,0.12294205938330341,0.12622689266916234,0.12970617280484548,0.1333576480055848,0.13716111378973855,0.1410982138783735,0.14515226193766612,0.1493080811296684,0.1535518613256561,0.15787102936158984,0.16225412498139744,0.1666907389341402,0.17117133440985235,0.17568724322358809,0.18023055525142917,0.18479404913599756,0.18937113419200216,0.19395579315499448,0.19854253035596295,0.2031263259990961,0.2077025937047745,0.21226714238018196,0.2168161415431194,0.2213460897507826,0.22585378593605346,0.2303363032931346,0.23479096549871173,0.23921541957912312,0.24360714372763503,0.24796437360129525,0.25228514202459273,0.25656773567098023,0.26081058676000235,0.2650122614452891,0.26917144686010064,0.2732869417943504,0.27735764647692374,0.2813825540103926,0.2853607422457055,0.2892913663954094,0.2931736522765121,0.2970068900716215,0.3007904287085135,0.3045236706166594,0.30820606697081115,0.311837113325803,0.3154163456201069,0.3189433365068313,0.3224177038604755,0.3258390486237042,0.32920707011330613,0.3325214454091715,0.3357818860587628,0.3389881241594482,0.34213991043943304,0.3452370125178391,0.3482792133308528,0.35126630971198614,0.35419811111546246,0.35707443847266424,0.3598951231723894,0.3626600061564144,0.3653689371225378,0.36802177382789364,0.3706183814858946,0.37315863225065143,0.3756424047832054,0.3780695838567288,0.3804400602238473,0.3827537301649095,0.38501049549066346,0.3872102634054512,0.3893529464658972,0.39143846259140613,0.3934667351232076,0.39543769292887737,0.39735127054943337,0.39920740855288495,0.4010060530639271,0.40274715709632675,0.40443068013970956,0.40605658858490823,0.4076248561855231,0.4091354643117242,0.41058840245328554,0.4119836686045015,0.41332126964922167,0.4146012218842588,0.41582355146818994,0.4169882948649576,0.41809549950928443,0.4191452240584043,0.42013753907894114,0.4210725274381543,0.42195028517755284,0.42277092151687307,0.4235345597343911,0.42424133760695226,0.4248914079354845,0.42548493906605445,0.4260221100254485,0.4265031325587369,0.42692822466210567,0.4272976112048808,0.4276115511624528,0.4278703166253661,0.4280741986066305,0.42822350746539156,0.4283185733110004,0.4283597463859352,0.42834739742605055,0.42828191799666526,0.42816372080306125,0.42799323997399524,0.4277709313168882,0.4274972725434149,0.4271727634783807,0.42679792616607626,0.42637330508599913,0.4258994671863841,0.4253770019675889,0.4248065215009601,0.424188660418383,0.42352407586300533,0.4228134474020298,0.4220574769010614,0.4212568883596148,0.4204124277431028,0.41952486259597266,0.4185949819572243,0.417623595971257,0.41661153545913915,0.4155596515396014,0.4144688152569251
0.13579666962115663,0.1286899897452486,0.12284973795170354,0.11814677636038837,0.11446540575608563,0.11170187468586414,0.10976305969305586,0.10856530070117351,0.10803337770928371,0.10809958852204755,0.10870295556102862,0.10978850504957226,0.11130664171673084,0.11321257477766913,0.11546583288222995,0.11802981098994679,0.12087138230922685,0.12396054264292629,0.1272700987155848,0.1307753881716171,0.13445402978854798,0.13828569998328147,0.1422519328134337,0.14633594093695257,0.1505224544586526,0.15479757734943184,0.15914865745129295,0.16356416984849995,0.1680336121349666,0.17254751244747493,0.17709683179012767,0.18167391138482344,0.1862713790460824,0.19088259846501895,0.19550151012253728,0.20012257920065374,0.20474074960116484,0.20935140126855306,0.2139503118493548,0.2185336218234439,0.22309780275593272,0.22763962847044603,0.2321561487847766,0.23664466559387778,0.24110280368211848,0.24552802807502136,0.24991855089752238,0.25427239033346755,0.25858781752685905,0.2628632503622122,0.26709724061238144,0.2712884632586151,0.27543570474041795,0.27953785385401486,0.2835938929032353,0.2876028895180663,0.29156398921975824,0.295476408620002,0.2993394291387753,0.30315239135021604,0.3069146897021432,0.3106257677286727,0.3142851136560481,0.31789225637968993,0.32144676178269194,0.3249482419432307,0.32839630131200453,0.33179059899537305,0.3351308417752266,0.33841672329086847,0.341647970028612,0.34482432725050777,0.34794555724403015,0.35101143773913634,0.35402176048063805,0.35697632994485445,0.3598749621903993,0.36271748383379965,0.36550373114138246,0.3682335492295465,0.3709067913661725,0.3735233183664625,0.3760829980770301,0.3785857049425184,0.38103131964944587,0.38341972884236003,0.38575082487324913,0.3880245057894535,0.3902406750256306,0.39239924151236916,0.39450011965388315,0.39654322939188535,0.39852849631534054,0.4004558518131626,0.402325233267069,0.4041365844307916,0.4058898550590207,0.4075850022396777,0.4092219899371399,0.4108007896468074,0.41232138064013063,0.4137837505536567,0.4151878956065469,0.4165338211866277,0.4178215422758574,0.41905108392967116,0.42022248176994303,0.4213357824508989,0.4223910443177576,0.4233883377418344,0.4243277457339224,0.42520936440130697,0.42603330381420906,0.4267996880237379,0.42750865594354936,0.4281603617944626,0.428754975631447,0.4292926781886414,0.4297736897686937,0.4301982139904908,0.43056649503386746,0.4308787897392582,0.4311353737447936,0.4313365419311124,0.4314826088476844,0.4315739091190355,0.43161079782929934,0.43159365088355894,0.431522865344478,0.431398859742777,0.4312220743601466,0.4309929714832571,0.43071203562756966,0.4303797737297247,0.42999671530734496,0.4295634125866511,0.4290804405878949,0.42854839724932164,0.42796790320283806,0.42733960211587124,0.4266641603953841,0.42594226715384537,0.42517463407583345,0.42436199524523677,0.42350510693275456,0.4226047473435145,0.4216617163043913,0.4206768350130479,0.4196509455437967,0.4185849105172721,0.4174796126435346
0.13670671145652005,0.12956882349267257,0.12370354076426476,0.11898115736413198,0.11528546701579008,0.11251225738597671,0.11056798714463029,0.10936861658165345,0.10883857918759439,0.10890986061895498,0.10952119646896745,0.1106173484635419,0.11214848196717733,0.11406959108267345,0.11633999833086914,0.11892292045785217,0.12178505798240191,0.12489625324727004,0.12822917080750862,0.13175901763075198,0.13546329230981952,0.1393215606548842,0.14331525487994629,0.14742749381415104,0.15164292107310612,0.1559475608629813,0.16032868742778655,0.16477470790460905,0.1692750571373914,0.17382020543890592,0.1784010597004077,0.18300991206144104,0.1876393442792674,0.19228267755570483,0.1969338130082486,0.20158717933742992,0.2062376866051867,0.2108806833536981,0.21551191806880016,0.22012750413263055,0.2247238879113953,0.22929781977732283,0.2338463277050781,0.23836669322645623,0.24285652031816476,0.2473132616894039,0.25173510740110083,0.2561200619851177,0.26046638195673205,0.26477247155490413,0.2690368696947761,0.27325823935529975,0.2774353553740155,0.28156709598283075,0.2856524332416939,0.2896904251384555,0.2936802080424894,0.29762098986331476,0.30151204372801527,0.3053527022960983,0.3091423524444429,0.31288043045121,0.31656641757478055,0.32019983600621266,0.3237802451652927,0.3273072383129208,0.3307804523458293,0.3341995005151201,0.3375640987420628,0.3408739344133863,0.3441287286175783,0.34732822136561425,0.3504721698178767,0.3535603466928995,0.3565925388325753,0.35956854591271076,0.3624881792887347,0.36535126096718984,0.3681576226944011,0.37090710515438374,0.3735995572686906,0.376234835591458,0.37881280379342025,0.3813333322291319,0.3837962975820598,0.38620158258258874,0.3885490757943277,0.39083867143069656,0.39307026940291473,0.3952437750758201,0.3973590994304594,0.39941615909618416,0.4014148764655603,0.4033551798525701,0.40523700369128834,0.4070602889313373,0.40882498262936806,0.41053103936064395,0.4121784207244944,0.41376709596695654,0.41529704234387216,0.416768245613519,0.41818070030064436,0.4195344102914452,0.4208293892629888,0.42206566116999167,0.42324326074519886,0.42436223401141776,0.42542263876730624,0.426424545262653,0.4273680365130173,0.4282532089884352,0.42908017311772195,0.4298490537352961,0.43055999100592135,0.43121314038436903,0.4318086675486259,0.43234677876042954,0.43282766151867585,0.4332515449298903,0.43361867027092293,0.43392929745598585,0.43418370550170055,0.43438219297484437,0.43452507842114024,0.4346127007734559,0.4346454197378261,0.43462361615574574,0.43454769234121904,0.43441807239110747,0.4342352024673626,0.4339995510497859,0.43371160915802365,0.4333718905415611,0.4329809318365473,0.43253929268836583,0.4320475558404196,0.43150632717920273,0.43091623581508537,0.4302779338204637,0.4295920965188118,0.4288594221488006,0.42808063178230105,0.4272564691435005,0.4263877003878019,0.4254751138403274,0.4245195196731415,0.4235217496462151,0.4224826565997853,0.4214031141150648,0.4202840160311479
0.13753582434043846,0.13036932942047783,0.1244811714256831,0.1197411225874418,0.11603250495635554,0.11325067905442661,0.11130171606169802,0.11010122422044051,0.10957331677658975,0.10964968755090192,0.11026880468341607,0.1113751906297465,0.11291878471129668,0.11485437763980398,0.11714110958943784,0.11974202272945295,0.12262366199362616,0.12575572473228258,0.12911074605109477,0.1326638100730734,0.13639230506809366,0.14027569111661334,0.1442953071112717,0.1484341845745933,0.1526768866266544,0.15700936321940334,0.16141882006745734,0.16589360078553142,0.17042308247962396,0.17499768085295095,0.17960825263211327,0.18424704412655848,0.18890659427391795,0.19358018452226164,0.19826167930022895,0.20294547325817025,0.20762644486324616,0.21229991332873327,0.21696159990081185,0.22160759261801014,0.22623431430077184,0.23083849337835602,0.23541713738294973,0.239967508779592,0.24448719204868435,0.24897362836210307,0.25342498710163486,0.2578392599278587,0.26221468967746286,0.2665496677453288,0.27084272095303125,0.27509250092420695,0.2792977718122566,0.2834574015043911,0.2875703526579299,0.2916356740832743,0.2956524935075345,0.2996200105666868,0.3035374905652895,0.30740425864264537,0.3112196944854534,0.31498322747305263,0.3186943322313621,0.32235252456248237,0.3259573577199029,0.329508419001917,0.3330053402799018,0.33644772694740843,0.3398352917431073,0.34316771597223855,0.3464447155513366,0.3496660254719539,0.352831397946986,0.3559406008684112,0.358993416351863,0.36198963944166757,0.3649290769519898,0.36781154643466146,0.3706368752650367,0.3734048998378931,0.37611546486602926,0.37876842277478223,0.38136363318618893,0.3839009624870014,0.3863802834751701,0.3888014750798181,0.391164422150046,0.3934690153082567,0.3957151508639439,0.3979027307542842,0.40003166269003276,0.40210186004119114,0.40411324208500615,0.40606573413683983,0.40795926775454855,0.4097937811768017,0.411569218743154,0.41328553265227225,0.41494268215023644,0.41654063431354,0.4180793643856685,0.4195588562907984,0.42097910288515894,0.42234010657256355,0.42364187973748996,0.4248844452390446,0.4260678369184864,0.42719210011835174,0.4282572922112484,0.42926348310303136,0.4302107559102377,0.4310992073013522,0.43192894818352884,0.43270010421616256,0.4334128163577975,0.43406723511134027,0.43466355246191735,0.4352019397919214,0.43568261083334253,0.43610579105716357,0.43647172437742215,0.4367806736354779,0.43703292106824876,0.43722876875870215,0.43736853906693224,0.4374525750401748,0.4374812408001572,0.43745492190621055,0.4373740256926287,0.437238981578796,0.43705024135066517,0.4368082794122186,0.43651359300560905,0.43616670239875066,0.43576815103917654,0.4353185056730856,0.43481835643009487,0.43426831686343115,0.43366902402576346,0.43302113820181054,0.4323253431904773,0.43158234596260386,0.4307928765715021,0.42995768796420797,0.4290775557520188,0.4281532779401558,0.4271856745951897,0.42617558757817553,0.42512388002394896,0.42403143599315896,0.42289915997772065
0.13829072898967582,0.13109797498031947,0.1251888876084495,0.12043275375051908,0.11671251331459978,0.11392296410846187,0.11196998431248495,0.11076879916200041,0.11024322459388562,0.1103246832967562,0.11095139606490408,0.11206765942290312,0.11362320610354606,0.11557263772967123,0.1178749212494888,0.12049293863025205,0.12339309182076708,0.1265449441754074,0.12992090522481287,0.13349594729434278,0.1372473546001748,0.1411544913478813,0.14519860818264793,0.14936265527056705,0.15363112067874807,0.15798988514817366,0.16242609047841028,0.16692802125675238,0.17148500004172623,0.17608729025697295,0.18072600755499854,0.18539304951093918,0.1900810169508907,0.19478315429645135,0.19949329165302496,0.2042057918414693,0.20891550378529677,0.21361771926369216,0.21830813402884502,0.22298281241098017,0.22763815516566901,0.23227087016994089,0.23687794579568544,0.2414566266284306,0.24600447885374582,0.25051893282038096,0.2549981384813407,0.2594400754009209,0.2638429735511246,0.268205212238646,0.2725253068940834,0.27680189843890335,0.2810337408855268,0.2852196925376355,0.28935870698295213,0.2934498244119012,0.29749216434526693,0.30148491864753935,0.30542734513109354,0.3093187618160796,0.3131585415526927,0.31694610715364796,0.32068092692483724,0.3243625105736655,0.3279904054648663,0.3315641931962889,0.33508350086112076,0.3385479401189589,0.34195717907469875,0.3453109348497777,0.3486089045197243,0.3518508181922675,0.35503642332959123,0.3581654832027734,0.36123777535436763,0.3642530903583999,0.36721123064246414,0.37011200945230444,0.3729552499352179,0.37574078433426916,0.37846845328591355,0.3811381052142191,0.3837495958153725,0.38630278762664333,0.3887975496743903,0.3912337571960899,0.39361129143171125,0.3959300394800772,0.3981898942161449,0.4003907540963043,0.4025325240030844,0.40461511374952974,0.40663843971490354,0.40860242429119303,0.4105069962306428,0.41235209110057414,0.4141376506911474,0.4158636247171912,0.4175299702325956,0.41913665218843277,0.4206836437735066,0.42217092719295674,0.42359849363453056,0.4249663440405327,0.4262744895171105,0.42752295183514105,0.42871176394465066,0.42984097028135954,0.43091062817981424,0.43192080710037783,0.4328715902438375,0.4337630741322184,0.43459537029004086,0.4353686050491877,0.43608291367788554,0.4367384739827283,0.4373354407454948,0.43787401236525547,0.4383543983315933,0.4387768262640101,0.43914154276201167,0.4394488133687817,0.4396989233933659,0.43989217827559546,0.4400289040192901,0.44010944760394216,0.44013417737325805,0.4401034833989815,0.44001777781846,0.4398774951444742,0.4396830925458947,0.4394350500978047,0.43913387099976503,0.43878008176099276,0.43837423235127615,0.43791689631652747,0.4374086708595718,0.43685017687553424,0.43624205896539486,0.43558498545032526,0.434879648072774,0.43412676222229385,0.43332706655166897,0.43248132283794555,0.431590315744843,0.43065485254383296,0.42967576277207176,0.4286538979579313,0.42759013108766364,0.4264853562490269,0.4253404881256692
0.1389775426137604,0.13176065419499988,0.12583239474101132,0.12106160081918657,0.11733074973045994,0.11453443721552987,0.11257804023503884,0.11137653547388425,0.11085346217216231,0.11093999071839256,0.11157411185394656,0.1126999116908198,0.11426693067335587,0.11622959434833412,0.1185467083232269,0.12118100658855045,0.12409875527658466,0.12726939299082896,0.13066521459758912,0.13426108695115402,0.1380341972236078,0.14196382017910464,0.146031124121016,0.15021898327905842,0.15451181567655053,0.15889543741097728,0.16335693059512216,0.1678845246747501,0.17246749123977256,0.1770960465741718,0.18176126276586102,0.18645499698665302,0.19116981269234853,0.19589891966267378,0.20063611588103908,0.205375734371195,0.21011259639070295,0.21484196801973043,0.2195595211204571,0.22426129779816273,0.22894367811589594,0.23360335066862148,0.2382372858440188,0.24284271143756536,0.24741717644301578,0.25195810070923674,0.2564636169077543,0.2609316922208053,0.2653605448373484,0.2697485426717732,0.2740941904109826,0.27839611887638843,0.28265307250053806,0.28686390060058226,0.29102754796044417,0.29514304682837134,0.2992095088827823,0.3032261185793184,0.30719212664773865,0.3111068443274335,0.314969637961226,0.3187799241047654,0.3225371650354801,0.3262408646410872,0.32989056465735017,0.333485841227455,0.3370263017578267,0.3405115966609552,0.34394134366949486,0.34731527158679004,0.3506330719824956,0.35389447029110965,0.3570992094144824,0.3602470481096402,0.3633377595201844,0.3663711299353353,0.3693469575282079,0.37226505138077076,0.3751252305493512,0.3779273232574399,0.3806711661925883,0.38335660390053866,0.38598348827024653,0.38855167810393165,0.39106103876671006,0.393511441910759,0.39590276526930224,0.398234892516039,0.40050771318590456,0.4027211226533256,0.404875021989389,0.4069693188922816,0.4090039261784701,0.41097876353552204,0.41289375697968195,0.4147488394719946,0.4165439502869872,0.41827903679102013,0.41995405381640416,0.42156896422415346,0.42312373929768143,0.4246183594477776,0.42605281425848124,0.42742710323278654,0.42874123621437826,0.42999523367187015,0.4311891281128884,0.43232296327771336,0.4333967955734514,0.4344106944006937,0.43536474270863607,0.43625903774924224,0.43709369085724686,0.43786882225540213,0.43858459545268375,0.4392411487568172,0.43983866505794017,0.44037733775118565,0.4408573781909503,0.4412790162101494,0.4416425006261885,0.44194809964838583,0.44219610168757917,0.4423868153058163,0.4425205699903634,0.4425977164818061,0.4426186271636687,0.4425836964268412,0.44249334100726573,0.4423480002953969,0.4421481366159908,0.44189423547684514,0.44158680578517984,0.44122638003040493,0.44081351443211336,0.4403487890521872,0.4398328078700199,0.4392661988215026,0.4386496137913144,0.43798372863803475,0.4372692428814349,0.4365068799227891,0.43569738665449403,0.4348415333135465,0.43394011323606047,0.4329939425700138,0.4320038599239767,0.43097072608526243,0.429895423474374,0.4287788557804868,0.4276219474451271
0.13960183855685332,0.13236274212647306,0.12641690166872108,0.12163273465281671,0.11789233946012641,0.11508996892945766,0.11313068746568229,0.11192918928990155,0.11140875592976375,0.11150032261093623,0.11214166558285614,0.11327667495243166,0.11485471186105412,0.11683003766788864,0.11916130749915653,0.12181111729669152,0.12474560645954044,0.1279340972204572,0.13134877720963534,0.1349644149873536,0.13875810551563167,0.1427090445310858,0.14679831886757486,0.1510087317237235,0.1553246403509933,0.15973179569440638,0.16421722562482866,0.16876910796780709,0.17337666665732654,0.17803007384556033,0.18272046543931988,0.18743934696888578,0.1921795605988007,0.196934179385162,0.20169697077455742,0.20646224009920205,0.2112247826240837,0.21597984032220902,0.22072306263776428,0.22545047081819491,0.23015842547820728,0.2348435971136356,0.23950293920342666,0.244133663754652,0.2487333035838325,0.2532992689634188,0.2578296753820161,0.26232247925548474,0.26677588736030383,0.2711882568604158,0.27555808229648665,0.2798839849459925,0.2841647001803185,0.28839906874350785,0.29258602726744604,0.29672460030318876,0.30081389211861226,0.30485308014209495,0.308841408368136,0.31277818158160575,0.3166627599247745,0.3204945539851887,0.3242730202843505,0.3279976571477272,0.3316680009256616,0.3352836225374535,0.3388441243133343,0.34234915244953407,0.3457983176875784,0.34919134630202947,0.3525279245400316,0.3558077733356566,0.35903063118089773,0.36219625250765447,0.36530440623009686,0.368354874436082,0.3713474512005122,0.3742819416112136,0.3771581607484865,0.37997593294323373,0.38273509105675835,0.3854354758749843,0.3880769355941443,0.3906593253920356,0.39318250707936675,0.3956463488261166,0.39805072495817323,0.4003955158198323,0.40268060769803393,0.40490589280446126,0.4070712691313522,0.40917664126055764,0.4112219194155269,0.41320702052092073,0.41513186761106563,0.4169963912604455,0.41880052828767533,0.42054422376566286,0.4222274303553914,0.423850108882285,0.42541222873675916,0.42691376859759594,0.42835471646496,0.42973507019927565,0.4310548388513445,0.43231404181932276,0.4335127102801827,0.4346508875028192,0.43572862939635704,0.4367460050658559,0.4377030973734448,0.4386000035029128,0.4394368284912092,0.4402137211704506,0.4409308035728592,0.44158824305262584,0.4421862168557392,0.44272491990152707,0.44320456531747554,0.4436253849622566,0.4439876299351196,0.44429157106983763,0.44453749941143195,0.44472572659353576,0.44485658559854574,0.44493043068508653,0.44494763810502147,0.4449086063863706,0.444813756671046,0.44466353302387657,0.4444584027114822,0.4441988564496135,0.44388540861762904,0.44351859743886973,0.4430989851257505,0.44262715798847524,0.44210372650635504,0.4415293253624608,0.4409046134308056,0.4402302737403929,0.4395070134364413,0.43873556343463627,0.4379166785835297,0.43705113723111955,0.43613974102760844,0.43518331463006255,0.4341827053422147,0.4331387828254548,0.43205243854145414,0.4309245853797603,0.42975615713111787
0.14016869996399134,0.13290914509567178,0.12694716635024775,0.12215079060284847,0.11840176339427984,0.1155940164905131,0.113632324882944,0.11243111843495962,0.11191343800571783,0.11200999982032145,0.11265837990308988,0.11380228542772886,0.11539091015313784,0.11737836213148586,0.11972315594779925,0.12238775858385118,0.12533819102104612,0.12854366667679296,0.13197627317289481,0.13561068679121577,0.1394239179040626,0.14339508407330687,0.14750520008587426,0.15173700271338103,0.15607478798440086,0.16050425017557474,0.16501236490157997,0.16958726178288638,0.17421811971729423,0.17889506985740591,0.18360920985292264,0.18835200938867752,0.1931162783588989,0.19789505899372536,0.20268207898490842,0.207471652241207,0.2122585148670006,0.21703789779150998,0.22180542939431555,0.2265571113120455,0.2312892858866727,0.23599860657264776,0.24068201094069533,0.24533669613207326,0.2499601797210131,0.2545498629603805,0.2591038451307783,0.26362007248827146,0.26809674103410974,0.272532197774885,0.2769249279628758,0.28127354293004636,0.2855767703831356,0.28983344263612915,0.2940424885988867,0.29820292548484717,0.3023138505513201,0.30637443453311164,0.3103839150130256,0.31434159062566486,0.3182468155992432,0.32209899482337595,0.3258975793187992,0.32964206209009006,0.33333197433084105,0.3369668819534682,0.34054638241827695,0.3440701178980062,0.34753770782361376,0.35094882966173635,0.3543032109590039,0.35760055283070513,0.360840589516408,0.36402307127418676,0.3671477629184697,0.37021444250774127,0.3732229001716479,0.3761729370679111,0.37906436444273484,0.3818970028913387,0.38467068154946565,0.38738523755744586,0.39004051552931013,0.39263636712534744,0.39517265070524465,0.3976492310566885,0.40006597919467607,0.4024227722270923,0.4047194932823969,0.4069560314955323,0.40913228186241923,0.41124814607530524,0.4133035315466002,0.4152983523366891,0.41723252936015087,0.419105990227606,0.42091866954135126,0.4226705100821644,0.42436146244261214,0.4259914854399111,0.427560546611621,0.4290686229394685,0.4305157006395858,0.43190177686563397,0.4332268587601346,0.43449096489130123,0.4356941255578335,0.4368363833339528,0.4379177936237416,0.4389384252227801,0.43989836088506507,0.44079769789323153,0.4416365411057285,0.44241504135830606,0.4431333199547797,0.4437915457235572,0.44438989712169696,0.44492857051579043,0.4454077807206995,0.4458277615261724,0.44618876620948505,0.44649106803227956,0.44673496071979824,0.44692075892074296,0.4470487986460167,0.44711943760745726,0.4471330559197465,0.4470900559975867,0.44699086320720116,0.44683592609601014,0.4466257166705568,0.44636073064241744,0.44604148764077856,0.44566853139043006,0.4452424298539899,0.44476377533727185,0.4442331845567773,0.44365129866839287,0.443018783258083,0.4423363282840067,0.4416046480075704,0.44082448083923037,0.4399965890838917,0.43912175891233063,0.43820079995068434,0.43723454501839426,0.43622384975936024,0.4351695923459782,0.4340726729103253,0.4329340131641103,0.43175455586197947
0.1406827672595589,0.13340434563592873,0.12742753895485373,0.12262000961057537,0.11886317352429807,0.11605066376080557,0.11408698414453888,0.11288631795716948,0.11237148152369603,0.11247298627616235,0.1131282212449248,0.11428072265198938,0.11587952780109267,0.1178786014126904,0.1202363266447048,0.12291504985260683,0.12588068123032392,0.129102332360695,0.13255199720362945,0.13620426580697054,0.1400360691616585,0.1440264516724607,0.14815636061178847,0.15240847050619183,0.15676702000044476,0.16121765024051546,0.1657472878381902,0.17034401708801394,0.174996974967291,0.1796962530244585,0.1844329154936786,0.18919839612497055,0.19398547506662858,0.19878716570958907,0.20359718095772136,0.2084097632199843,0.2132196964937132,0.21802214281554014,0.22281272274544342,0.22758741946308794,0.2323425581062926,0.23707477607821023,0.24178099595915492,0.2464584008758362,0.2511044940232703,0.25571675281969697,0.260293007226321,0.2648314478802754,0.2693301760227418,0.2737875289555728,0.27820198289285647,0.2825721405790062,0.28689672162072055,0.29117455061193315,0.2954045492244948,0.2995857274033231,0.30371717605697324,0.30779805941708793,0.3118276089687301,0.31580511748043133,0.3197299335342909,0.32360145657498224,0.32741913236172565,0.3311824488048238,0.33489093215612314,0.3385441435254814,0.34214167569778464,0.345683150227294,0.34916823096702443,0.35259654076147406,0.35596782104194774,0.3592817680467106,0.3625381119127241,0.3657365988684404,0.3688769897675276,0.37195905877320523,0.37498259218269697,0.3779473873821696,0.38085325192328634,0.383700002713204,0.38648746531048145,0.38921547330165496,0.39188386786171653,0.3944924972185452,0.3970412163808182,0.39952988685069,0.40195837642579013,0.40432655906786813,0.40663431483391155,0.4088815298658127,0.41106809624359064,0.41319391284654844,0.41525888434946423,0.4172629221768501,0.41920594454266846,0.4210878771432291,0.42290865173533754,0.4246682090830888,0.4263664977085163,0.4280034744825237,0.4295791048981827,0.43109336473753207,0.43254623869167685,0.4339377220881435,0.43526782109046985,0.43653655322452306,0.43774394791817445,0.43889004705225193,0.43997490552070745,0.4409985917979611,0.4419611885113985,0.4428627851813659,0.44370351797616303,0.44448349193157166,0.4452028600954961,0.44586178405875154,0.446460443639832,0.44699903658077933,0.4474777793036383,0.44789690744049726,0.44825667634921756,0.4485573616130151,0.4487992595220672,0.4489826875353697,0.44910798472107905,0.4491755121736413,0.44918565333036914,0.4491388146414462,0.44903542544860225,0.44887593860076375,0.44866083065366746,0.44839060211433174,0.44806577765173494,0.44768690627244045,0.447254561459995,0.44676934127700024,0.44623186844200186,0.4456427903013842,0.4450027788942708,0.44431253083679045,0.4435727672476235,0.442784233601223,0.4419476995473335,0.4410639587232914,0.4401338283359532,0.43915814907819006,0.4381377845988028,0.4370736212383544,0.43596656744927753,0.43481755340841816,0.43362753047065505
0.14114828077557973,0.13385244275115113,0.12786200005307183,0.12304427481151367,0.11928037470263071,0.11646365373506762,0.11449836089223557,0.11329845310170754,0.11278653257742186,0.11289292060920703,0.11355483130535918,0.11471564093619378,0.11632424038362527,0.11833446019668738,0.12070456010480868,0.12339677460908145,0.12637690900502202,0.12961397983273376,0.13307989326615774,0.13674915860137685,0.1405986321438784,0.14460728996763986,0.1487560159314441,0.1530274261048858,0.1574057053084279,0.161876444811876,0.16642652509929917,0.17104398825168254,0.17571793151351042,0.18043841000218688,0.18519634961643905,0.18998346714140507,0.19479219921540847,0.19961563719787268,0.20444746901563093,0.20928192588140443,0.21411372184970348,0.21893807205967145,0.22375052924332148,0.2285470715753104,0.2333240079665047,0.23807796071093362,0.24280583821858942,0.24750481039767502,0.25217236686205907,0.256805975767269,0.2614034563000502,0.26596298631784426,0.27048265865834903,0.27496080152108926,0.27939588252550096,0.28378649627162544,0.2881313546797998,0.2924292750111902,0.29667917197152444,0.30088004886050895,0.3050309902376403,0.3091311542785943,0.3131797666500557,0.31717611448661553,0.32111954099059925,0.32500944039898744,0.32884525343413146,0.3326264631251278,0.3363525909845009,0.3400231935121886,0.34363785900129756,0.3471962046223295,0.3506978905414938,0.3541425336155141,0.35752987295966127,0.3608596001819409,0.3641314414593964,0.36734513912839784,0.37050045021459965,0.37359714511422326,0.3766350064161411,0.37961382785508274,0.3825334133870658,0.38539357637884913,0.38819413890383836,0.3909349311374677,0.39361579084558584,0.3962365629598724,0.3987970992157019,0.4012972579613722,0.4037369038488207,0.40611590778125534,0.4084341468287007,0.41069150422137873,0.41288786939825073,0.4150231379107139,0.4170972123572236,0.4191100013979257,0.4210614207768095,0.42295139366016216,0.42477985004831476,0.42654672804189675,0.428251974318808,0.4298955436138245,0.43147740034572274,0.4329975179745021,0.4344558799277066,0.4358524801905721,0.43718732373855573,0.43846042706948685,0.43967181874902994,0.44082153996734835,0.4419096451048943,0.442936202305261,0.44390128590620337,0.44480501775472964,0.4456474863204539,0.4464288287448566,0.44714919068481324,0.44780873503220575,0.44840764270178674,0.4489461123005117,0.4494243620037174,0.44984262920257667,0.45020117124398207,0.4505002659327308,0.4507402120153764,0.4509213296439634,0.4510439608178678,0.4511084698020242,0.4511152435198551,0.4510646919192707,0.45095724823775657,0.4507933696010779,0.4505735368597854,0.45029825512687827,0.4499680539125026,0.44958348729723874,0.44914513406870565,0.44865359783341013,0.44810950702476166,0.4475135150014272,0.4468662999769092,0.44616856496411844,0.44542103768267527,0.4446244704060789,0.4437796397750301,0.44288734656584966,0.4419484154156154,0.44096369453858997,0.4399340552009674,0.4388603916233772,0.4377436202478029,0.43658467937888706,0.4353845286281702
0.14156911887609386,0.1342571877967363,0.128254195372043,0.12342714451279879,0.11965685501624693,0.1168364197458748,0.11486985047408876,0.11367088843926274,0.11316193925978674,0.1132731449072255,0.11394155566691716,0.11511039796773778,0.11672842551012738,0.11874934327878582,0.12113129505978212,0.12383641003183647,0.12683039593271817,0.1300821798109841,0.13356358546476887,0.13724904633813376,0.14111534884236557,0.14514140464012104,0.14930803810418267,0.15359781043725892,0.1579948558606869,0.16248471876689344,0.16705423638921496,0.17169141078163322,0.17638530205804942,0.18112593133307223,0.18590419245421363,0.19071177286205634,0.1955410818915565,0.20038518557218893,0.2052377483042814,0.21009297944677588,0.2149455851214464,0.21979071163379935,0.22462396956898048,0.229441270009414,0.2342389193260612,0.23901352551683458,0.2437619836493588,0.24848145111658737,0.253169404695683,0.2578233037849138,0.2624409573914048,0.26702053124083064,0.2715601101959276,0.2760580138729016,0.28051270171673104,0.2849227605952159,0.28928689512726863,0.2936039156020052,0.29787273009692844,0.30209233558360055,0.3062618105822711,0.31038030747161544,0.314447046355682,0.3184613090164892,0.32242243349720473,0.32632980904990794,0.3301828715713033,0.3339810994098715,0.3377240095296349,0.34141115400245303,0.345042116803235,0.3486165108847083,0.35213399306717025,0.35559417382641473,0.3589967906539739,0.36234153048679313,0.36562811567800024,0.36885628480315696,0.37202579118677137,0.3751364015808166,0.37818789498469646,0.38118006159694146,0.3841127018897075,0.3869856257978419,0.3897986520149237,0.3925516073892644,0.3952443264133836,0.3978766508009449,0.40044842914558015,0.40295951665640867,0.4054097749654247,0.4077990719825939,0.41012728191229925,0.4123942851325477,0.41459996832598445,0.41674422436308656,0.4188269532615918,0.42084806117513185,0.42280746144073394,0.4247050749276421,0.4265408292296523,0.4283146606772784,0.43002651391032903,0.4316763419341654,0.4332641070242115,0.43478978126216444,0.43625334661173465,0.43765479574123733,0.4389941324583563,0.44027137224794066,0.4414865428230595,0.44263968468718584,0.44373085170541177,0.4447601032246796,0.4457275385199763,0.4466332549335267,0.44747734877547607,0.44825995788501755,0.4489812285378612,0.4496413244497465,0.45024042734621267,0.45077873775102184,0.451256474624861,0.45167387726690394,0.4520312049269653,0.45232873753726505,0.4525667761984105,0.4527456436448955,0.45286568468834043,0.4529272666367332,0.4529307796879858,0.45287663729614874,0.4527652765087113,0.45259715820264396,0.4523727676441606,0.4520926143004597,0.45175723233486875,0.4513671807053264,0.45092304329823507,0.45042542903702687,0.4498749718869745,0.44927233094888736,0.4486181903829099,0.4479132593567935,0.4471582719304479,0.446353986914975,0.44550118767108216,0.44460068187281443,0.44365330122586083,0.44265990114215653,0.4416213604041932,0.4405385805935309,0.43941248593614857,0.43824402252121525,0.4370341578920599
0.1419488323656628,0.13462201753749287,0.12860746603334658,0.12377188167649229,0.11999581462760284,0.1171721130965949,0.11520456665044476,0.1140067144222941,0.11350077778042802,0.11361673060372399,0.1142914695746191,0.11546808059974756,0.11709518868221315,0.11912638082152,0.12151969253833375,0.12423715358585352,0.12724438029135782,0.1305102156423488,0.13400640605666916,0.13770731370847417,0.14158965931663398,0.1456322923557807,0.1498159845128127,0.1541232454652891,0.15853815848418065,0.1630462255152509,0.1676342413413703,0.17229017557343823,0.17700304821711563,0.18176284983822372,0.1865604443616462,0.19138759890679707,0.19623637481766554,0.2011001365018185,0.20597241875486189,0.21084741032195842,0.21571979815229889,0.22058472347255814,0.22543774194857868,0.23027478746342103,0.23509213916134403,0.2398863915328963,0.24465442701361992,0.24939339117544518,0.25410074859112697,0.258773950518573,0.2634107957365548,0.2680094397717853,0.2725679587145645,0.27708466443176194,0.28155800858394897,0.28598657070409433,0.2903690484684155,0.2947042455304445,0.29899106365489286,0.3032284937814324,0.307415608669572,0.311551555150186,0.315635548051524,0.31966686399727917,0.32364483610567374,0.32756884885337645,0.33143833351029817,0.3352527639333819,0.3390116527182469,0.34271454768051757,0.3463610286411641,0.3499507044924179,0.35348322875984206,0.35695820598224715,0.3603753718678735,0.3637344089166864,0.3670350357876253,0.37027698742081877,0.3734600135609484,0.37658387743326704,0.3796483545616721,0.3826532317190928,0.38559830600122574,0.3884833840153586,0.39130828117666294,0.39407282110490804,0.39677683511509587,0.39942016179597156,0.4020026466708143,0.4045241419352947,0.4069845062675505,0.40938360470594304,0.41172130859025036,0.41399749556231646,0.41621204962240294,0.41836486103115234,0.42045582727323366,0.42248485210088516,0.4244518464855668,0.4263567290575437,0.42819942523978105,0.4299798693777706,0.43169800404614617,0.4333537805716081,0.4349471594908724,0.43647811132772857,0.4379466166122614,0.43935266672139256,0.44069626431571446,0.4419774238827504,0.4431961722934144,0.4443525493695317,0.4454466084602947,0.4464784082904962,0.4474480572238805,0.4483556265032532,0.4492012381924459,0.44998502209094293,0.45070712505543054,0.45136771158082634,0.45196696437385414,0.45250508491718255,0.45298229425552095,0.45339883260202474,0.45375496126112835,0.4540509622037273,0.45428713878794363,0.4544638162262927,0.45458134203022743,0.45464008643031933,0.454640442770364,0.4545828278737706,0.4544676823806218,0.4542954710538797,0.4540666829840828,0.45378183210781736,0.45344145699264826,0.4530461212875613,0.45259641378324444,0.4520929485174242,0.4515363647765317,0.4509273271848539,0.45026652562436476,0.4495546751781816,0.448792516009778,0.4479808132167513,0.4471203566231314,0.4462119605368783,0.4452564634615528,0.44425472776394276,0.4432076392977162,0.4421161069586791,0.4409810623504443,0.43980345900572576,0.4385842721242439
0.14229067324254596,0.13495008233345743,0.12892487678142386,0.1240814808673587,0.12030019179118115,0.11747362839345898,0.11550537186983353,0.11430877145234541,0.11380587648853228,0.11392650231091282,0.11460740167934574,0.11579152857328691,0.11742738713668291,0.11946845353985223,0.12187266158811387,0.12460194758418663,0.1276218419415782,0.13090110860770376,0.13441142122176108,0.13812707494233487,0.142024728620049,0.14608317477483423,0.15028313254352085,0.15460706277581296,0.15903900411940908,0.16356441690715867,0.16817005754957143,0.17284386020979486,0.17757481196032696,0.18235287293896432,0.1871688788513377,0.19201457068673203,0.1968819853963876,0.20176446496323577,0.20665552320147723,0.2115493293908266,0.21644055237062299,0.2213243165069236,0.22619616175504326,0.2310520073462125,0.23588811874716664,0.24070107766797869,0.2454877545881006,0.25024528388548306,0.2549710410733838,0.25966270215754106,0.264317824151611,0.26893462925669814,0.27351118635850447,0.27804579955774256,0.2825369131527035,0.28698309968631897,0.29138305022688865,0.2957355621066468,0.300039531072388,0.3042939424159959,0.3084978630763175,0.3126504349158514,0.31675086757400683,0.32079843277394854,0.3247924589040819,0.328732325862897,0.3326174604809435,0.3364473323020627,0.3402214497236408,0.3439393564676445,0.3476006283566989,0.3512048703717122,0.35475171396960375,0.35824083286512937,0.36167184969371163,0.36504451623443596,0.36835852935227953,0.3716136204717549,0.3748095358737969,0.3779460353695202,0.38102289111660703,0.38403988656856614,0.38699681554785703,0.38989348143460384,0.39272969646323824,0.3955052811200159,0.3982200636348684,0.40087387956152815,0.4034665714403104,0.4059979885383145,0.4084679866621741,0.4108764280387996,0.4132231812598516,0.4155081212859383,0.41773112950677155,0.4198920936422885,0.421990908750196,0.4240274761641131,0.4260017045902075,0.4279135104560716,0.42976281710829994,0.43154955689020164,0.43327367049693016,0.43493510747954506,0.4365338267209987,0.43806979722147893,0.4395429981075132,0.4409534194902053,0.4423010629039935,0.44358594185519407,0.444808082383695,0.4459675236356302,0.447064309401552,0.4480985339214298,0.4490702520440047,0.4499795702556985,0.4508266020597093,0.451611477613616,0.45233434431997915,0.4529953674112657,0.45359473052707905,0.4541326362816987,0.45460930681995193,0.45502498435946204,0.45537993195625615,0.45567443305848676,0.4559087934292505,0.4560833406603928,0.4561984248568977,0.4562544190579291,0.45625171963143296,0.4561907466406398,0.45607194418086094,0.4558957806850315,0.45566274919651717,0.4553733675402564,0.45502817879771007,0.45462775106303566,0.45417267784677695,0.4536635781088059,0.45310109625690154,0.4524859022314657,0.4518186914214738,0.4511001846032348,0.4503311278143974,0.44951229220259575,0.4486444738118158,0.44772849333382886,0.4467651958134162,0.4457554503092201,0.4447001495103135,0.44360020928372224,0.4424565683030543,0.4412701874136981,0.44004204905606226
0.1425976250010505,0.13524427253350788,0.12920924092608652,0.12435869215492926,0.12057268602125781,0.11774362462729154,0.11577489785803607,0.11457967261311496,0.11407983729075953,0.11420505906789884,0.11489195521923205,0.11608335572408411,0.11772765110347382,0.11977821332734309,0.12219288051380255,0.12493350106238683,0.12796552453045143,0.1312576404722542,0.13478145401237493,0.13851119717278154,0.14242347060449112,0.1464970131706416,0.1507124941625072,0.15505232893638213,0.15950051373322627,0.16404246790795723,0.16866491711698905,0.17335575484781027,0.1781039442936999,0.18289941148689912,0.1877329672871019,0.19259632800324492,0.19748150756279786,0.20238182674605787,0.207290779544444,0.21220251683717606,0.2171116903395666,0.22201340847006953,0.22690319631948802,0.2317769453557213,0.23663094978315125,0.24146173751913952,0.2462661816101448,0.25104140581978207,0.2557847757036335,0.2604939569125841,0.26516650066193026,0.26980061787128656,0.27439437057900085,0.27894605548699186,0.2834541099312884,0.28791709975614177,0.2923337097491045,0.2967027312150798,0.3010230541589668,0.30529365838130745,0.3095136055546003,0.3136820324940603,0.3177981439577711,0.3218612070163697,0.32587054548265076,0.3298255348766724,0.3337255977664987,0.3375701995514507,0.3413588445916442,0.3450910726693533,0.34876645575639326,0.3523845950639701,0.35594511835349907,0.35944769627279927,0.3628919462113246,0.36627761812312826,0.36960440486063545,0.3728720344473148,0.3760802498114822,0.3792288074580067,0.38231747628320945,0.38534603652315325,0.3883142788262961,0.391222003442204,0.39406901951864387,0.396855144499968,0.399580203620237,0.40224402948499544,0.40484646173605565,0.40738734679404487,0.4098665376738123,0.41228389386812836,0.4146392812953901,0.4169325723073117,0.4191636457528125,0.42133238709452697,0.4234386883586142,0.4254824492105063,0.4274635759132399,0.42938198248671666,0.43123759105436565,0.4330303312378289,0.43476014202071517,0.436426971377798,0.43803077652360123,0.43957152496860846,0.4410491944656255,0.4424637738854759,0.4438152636575307,0.44510367632337433,0.4463290371035568,0.44749138447525966,0.4485907614447191,0.4496272627102046,0.4506009421196421,0.4515119064104142,0.4523602692396047,0.45314616109640393,0.4538697298966683,0.45453114157158997,0.45513058064844014,0.4556682508213732,0.45614437551030124,0.4565591984058657,0.4569129839985666,0.4572060183338845,0.45743860852894586,0.4576110847051989,0.45772379946054464,0.4577771285347952,0.45777147120471234,0.4577072506505834,0.45758491429271475,0.45740493409629507,0.4571678068431401,0.45687405436890255,0.4565242236985438,0.4561188874756604,0.4556586436880593,0.4551441160227802,0.4545759538572072,0.4539548322131705,0.45328145179539353,0.45255653886069735,0.4517808451087063,0.4509551475072206,0.4500802480910841,0.4491569736985799,0.4481861756722196,0.44716872951301306,0.4461055344901635,0.444997513181083,0.443845611093953,0.4426507959936965,0.4414140574662103
0.14287242513326154,0.13550724207712564,0.12946314275737422,0.12460604286051033,0.12081577916722461,0.11798455141271529,0.11601556586395209,0.11482182184994454,0.11432505523041456,0.1144547937938948,0.11514752741623366,0.11634596937545381,0.11799840330537524,0.12005810307091871,0.12248281669828079,0.1252343098109551,0.12827795579542198,0.13158237411071771,0.13511910530943602,0.13886232189590023,0.1427885697265376,0.1468765367133379,0.15110684567333646,0.1554618686191957,0.1599255619756541,0.1644833080030958,0.16912179827259857,0.17382889461818163,0.17859353095120756,0.18340560611019613,0.18825590579689966,0.19313612298527877,0.1980382498487267,0.20295558709992612,0.20788160996367627,0.2128104519655774,0.21773674855475,0.22265559306967372,0.22756249652294436,0.23245335114006252,0.2373243829287828,0.24217219272461002,0.24699358622562836,0.25178569135967166,0.2565458642296314,0.26127176065020863,0.26596092633118434,0.27061156146459614,0.27522172157494856,0.2797896963357463,0.2843139164125898,0.2887929416760081,0.2932254498001419,0.29761022744933585,0.30194615877481024,0.3062322183293454,0.31046746274880643,0.31465102401796485,0.318782102214447,0.3228599599496434,0.32688391667467825,0.3308533436685045,0.3347676594179385,0.3386263253372192,0.3424288419016027,0.34617474509962715,0.34986360319231957,0.3534950137557529,0.35706860098538795,0.36058403266842964,0.36404092082480277,0.3674390139444357,0.3707780008988287,0.37405760642002844,0.3772775701901674,0.38043764551132037,0.3835375981190834,0.3865772051300392,0.3895562541140695,0.3924745422831664,0.39533187578905427,0.3981280691225102,0.4008629446077959,0.4035363319861117,0.40614806808239495,0.408697996550203,0.41118596768975985,0.4136118383345764,0.415975471802342,0.4182767379060484,0.42051551302153595,0.4226916802078805,0.4248051291566513,0.42685575729040726,0.4288434686975724,0.4307681753148657,0.4326297972819864,0.43442826230731457,0.43616350763146344,0.437835479415114,0.4394441334392798,0.44098943567448273,0.4424713625502629,0.4438899017023431,0.4452450525168464,0.44653682656693366,0.4477652482659614,0.44893034581032365,0.4500321998667435,0.45107084797763436,0.45204638135540615,0.4529588973905735,0.4538085098753694,0.4545953496061632,0.45531956498184234,0.4559813225960816,0.4565808078214645,0.4571182253834215,0.45759379992198557,0.4580077765393705,0.45836042133142557,0.4586520219010289,0.4588828880998488,0.4590533515064883,0.45916376736480646,0.45921451401295765,0.4592059935271656,0.459138632088329,0.4590128803181851,0.45882921358347617,0.4585881322666263,0.4582901620015073,0.45793585387294666,0.4575257845145426,0.4570605564903793,0.4565407979882927,0.4559671631370185,0.4553403318910501,0.45466101006450077,0.4539299291962341,0.4531478464357541,0.4523155443632926,0.45143383078347576,0.45050353845577495,0.44952552478924723,0.4485006714904183,0.4474298841662941,0.4463140918571014,0.4451542466529544,0.4439513230104083,0.44270631728208937
0.1431175881232706,0.13574142953129503,0.12968895787534823,0.12482585715216751,0.12103175443111118,0.11819865917996605,0.1162296047628434,0.11503743302493205,0.1145437362004836,0.11467791088890376,0.11537632699136678,0.1165815879163869,0.11824187657589967,0.1203103744032232,0.12274474452710246,0.12550667452495926,0.12856146596207643,0.13187767218542218,0.13542677283005883,0.13918288430046452,0.14312250045200767,0.14722426156728607,0.15146874623163142,0.15583828564629312,0.1603167985244735,0.16488963217047853,0.16954344590878082,0.1742660715891832,0.1790464156158161,0.18387435092671883,0.18874063948472777,0.19363684465180772,0.1985552606078744,0.20348884647217455,0.2084311672489247,0.21337633997179933,0.21831898473340203,0.2232541805621859,0.22817742512430486,0.23308459818585053,0.23797192834727585,0.24283596284507564,0.24767353988367863,0.25248176358949703,0.2572579810837069,0.26199983882880984,0.26670487730243764,0.2713712864863397,0.27599711570292385,0.28058064793056997,0.28512030746159645,0.2896146481706063,0.2940623419276499,0.2984621699495432,0.30281301113665066,0.3071138350227588,0.3113636934230374,0.315561713695824,0.3197070914487881,0.323799084979423,0.3278370095616592,0.33182023242318076,0.3357481681137888,0.3396202742135853,0.343436047457419,0.34719502017858067,0.3508967570603254,0.35454085217156805,0.35812692626515746,0.36165464446457474,0.3651236133018861,0.36853358014782733,0.3718842299232473,0.37517528417371154,0.3784064794371634,0.38157756591211456,0.38468830627005907,0.3877384746022504,0.390727855491779,0.3936562432025775,0.3965234409776449,0.3993292604393495,0.40207352108521544,0.40475604987306696,0.40737668088985013,0.40993525509884193,0.4124316201603104,0.41486563032102175,0.41723714636826775,0.41954603564436277,0.4217921721177814,0.4239754365073325,0.4260957162308841,0.4281529065261104,0.4301469093623898,0.43207763464590365,0.43394500058225,0.4357489330133214,0.4374893674373933,0.4391662483691065,0.44077953004430553,0.44232917700984975,0.44381516438075924,0.4452374786233524,0.44659611802031507,0.4478910932341252,0.4491224179392097,0.45029014922742794,0.45139433825622727,0.4524350313428567,0.4534123197602332,0.4543263008542011,0.4551770885350387,0.4559648138837462,0.4566896257540985,0.4573516913683883,0.4579511969047926,0.45848834807432576,0.45896337068535537,0.4593765111936822,0.45972803723621536,0.4600182381463019,0.46024742544880126,0.4604159335856349,0.4605241193540037,0.4605723638461647,0.4605610718340365,0.4604906723885942,0.4603616192156807,0.4601743909594589,0.45992949147201817,0.4596274500477078,0.459268821620847,0.45885418686133733,0.4583841525540032,0.45785935128872873,0.4572804417619437,0.45664810872059747,0.45596306286668364,0.4552260408432664,0.45443780505323583,0.4535991434867442,0.45271086950980444,0.45177382158896373,0.4507888629801615,0.4497568813704064,0.44867878847430365,0.44755551955973016,0.4463880330587787,0.4451773098751866,0.4439243529077917
0.14333542466511615,0.13594907715765145,0.1298888715099852,0.12502027374989938,0.1212227135692198,0.11838802131663802,0.11641906755972292,0.11522854581409393,0.11473791304122435,0.11487644221777339,0.11558039017901563,0.11679225676168317,0.11846012990536468,0.12053710386605401,0.12298076168093655,0.12575271728099024,0.12881820444187392,0.132145714094558,0.13570666840594894,0.1394751305578224,0.14342754563034807,0.14754250865820964,0.15180055647868337,0.15618398170888495,0.16067666551332202,0.16526392779490653,0.16993239170907176,0.17466986267667473,0.17946522089627573,0.18430831495619607,0.18918988428398792,0.1941014713079811,0.19903535076529122,0.2039844637105323,0.20894235834230224,0.21390313605857397,0.21886140238865387,0.22381222278619997,0.22875108225278928,0.23367384872785144,0.23857673975626426,0.24345627728101818,0.24830933465649732,0.2531329620723396,0.2579245130556283,0.2626816251688449,0.26740183391296407,0.2720833195431365,0.27672412547142955,0.2813225282931182,0.28587694623434745,0.2903859274040969,0.2948481381700321,0.2992623545286719,0.3036274503577642,0.3079423903872044,0.3122062218146876,0.3164180675642728,0.3205771189558902,0.3246826301460842,0.3287339123812882,0.33273032903901145,0.3366712908372438,0.34055625167978015,0.3443847046981002,0.34815617870177223,0.35187023492273883,0.35552646404456584,0.3591244834950122,0.36266393498214305,0.3661445022530115,0.36956580907857955,0.3729276173890755,0.3762296256469813,0.37947156734383725,0.3826531896698165,0.38577425232511564,0.3888345264661672,0.39183379377758054,0.3947718456614245,0.39764848253611296,0.4004635132377423,0.4032167545172537,0.40590803062729175,0.40853717299304354,0.4111040199617611,0.4136084166260105,0.41605021471602516,0.4184292725568209,0.4207454550860044,0.42299863392843096,0.4251886872839221,0.4273155010631286,0.42937896769420436,0.4313789872822261,0.4333154677672691,0.4351883254692027,0.4369974844090946,0.4387428783852255,0.4404244503053684,0.44204215289615034,0.4435959493131005,0.44508581338550074,0.44651173041501757,0.44787369764263224,0.44917172481671425,0.45040582458887585,0.4515760640313587,0.4526824633658205,0.4537250985012824,0.4547040505984524,0.4556194169479846,0.4564713115625946,0.45725986578707783,0.45798522890390864,0.45864756873232265,0.45924707221881217,0.459783946016975,0.4602584170546795,0.46067073308654455,0.4610211632297396,0.4613099984811623,0.46153755221406495,0.4617041606522578,0.4618101833200401,0.4618560037221279,0.46184202871477165,0.46176869041061785,0.4616364454881281,0.46144577575090395,0.46119718839622414,0.460891216247952,0.4605284179524727,0.46010937813638914,0.45963470746531065,0.459105042961362,0.4585210476771437,0.4578834109329345,0.4571928482153069,0.4564501010470774,0.4556559369050165,0.4548111490021801,0.453916556062202,0.4529730020569577,0.45198135588040234,0.45094251098607446,0.44985738497732586,0.44872691912614027,0.44755207797851926,0.44633384865306674,0.44507324039037277
0.14352806030348197,0.13613224807605606,0.1300648950558762,0.12519126194209712,0.12139059247842329,0.11855454821864689,0.11658584633023389,0.1153970404852556,0.11490946012344581,0.11505226162354026,0.11576159516354956,0.11697986285899746,0.1186550629995422,0.120740207557374,0.12319280393590674,0.1259743965058563,0.12905015499821124,0.132388511414992,0.13596083338817405,0.13974113410656727,0.14370581230561968,0.1478334202762131,0.15210445535763392,0.15650117365418156,0.1610074225586061,0.16560849072319161,0.17029097236293098,0.17504264609598,0.17985236729490567,0.18470996147404217,0.18960614670244,0.19453244556305044,0.19948122426439155,0.20444507700397105,0.20941786576011975,0.21439356718546487,0.21936677298563642,0.22433253572522843,0.2292863283773822,0.23422400764535808,0.2391417805669345,0.24403617419701384,0.24890399256869813,0.25374236783864373,0.25854858467988723,0.2633202874363654,0.2680550068714528,0.2727509135111098,0.27740604649666334,0.28201867496649696,0.2865872118102813,0.29111019961307316,0.2955862995293312,0.3000142825154741,0.3043930176570211,0.3087214650824563,0.3129986675634575,0.31722374377098966,0.321395880909225,0.32551432915714007,0.3295783959036606,0.33358744078113073,0.3375408708607895,0.3414381364913581,0.3452787273310617,0.3490621687907618,0.3527880187714182,0.35645586468726975,0.3600653207530466,0.36361602551539607,0.36710766020752095,0.3705398437306034,0.3739123367863684,0.37722483424763537,0.3804770666533318,0.38366877827670853,0.386799725935835,0.3898696779393574,0.39287841315839406,0.39582572021616363,0.3987113967875944,0.4015352490017269,0.40429709094028665,0.4069967442262563,0.4096340376967338,0.4122088071547512,0.41472089519508293,0.4171701510994049,0.4195564307964467,0.4218795968830521,0.4241395187022834,0.4263360722322717,0.4284691412358045,0.4305386160545724,0.4325443947889888,0.43448638344801904,0.4363644965129244,0.43817865622849533,0.4399287947343602,0.4416148533697296,0.44323678338723455,0.4447945465828177,0.4462881155283621,0.4477174743855835,0.4490826193746913,0.4503835488600225,0.45162031637026767,0.4527929263249707,0.453901439508533,0.45494592124606115,0.4559264525049358,0.4568431304917467,0.4576960693467132,0.45848540063936644,0.4592112740564848,0.45987385798459846,0.46047334010349267,0.461009927968844,0.4614838495819344,0.46189535394442693,0.4622447115962055,0.4625322151343126,0.4627581797110589,0.4629229435094105,0.46302686819380684,0.4630703393346004,0.4630537670639549,0.4629775854031424,0.46284225415752195,0.4626482581779209,0.4623961078883909,0.4620863395177062,0.4617195152935503,0.4612962235981156,0.46081707902413593,0.46028272269090686,0.45969382191319286,0.4590510704362801,0.4583551883212752,0.45760692185722124,0.45680704338143296,0.4559563511505237,0.455055669062618,0.4541058463993442,0.45310775749393123,0.45206230136288206,0.4509704012900899,0.44983300433899764,0.4486510809525856,0.44742562424337984,0.44615764953673337
0.14369745121673186,0.13629284181443835,0.13021888102996068,0.12534063606754828,0.12153717525257864,0.11870000099969,0.11673168575077243,0.1155446512660185,0.11506010661198053,0.1152070981173614,0.11592167525329203,0.11714614785365164,0.11882842953163691,0.12092145446899673,0.12338265861955638,0.12617352055133568,0.12925914957947726,0.13260792167231766,0.1361911532007118,0.13998280984209324,0.14395924651628697,0.14809897504649577,0.15238245536863543,0.15679190900273418,0.16131115134641938,0.1659254414388256,0.1706213460648214,0.17538661843312686,0.18021009037593191,0.185081565522695,0.18999174168101882,0.1949321226032228,0.1998950570005102,0.2048731228036906,0.20986016685308853,0.21485015170822494,0.21983765594150187,0.22481771986876492,0.2297858050288945,0.23473775744068617,0.23966977414742852,0.24457837284472175,0.24946036404832256,0.25431282590040566,0.25913308110366134,0.2639187506625908,0.268667360826896,0.27337707326249694,0.2780459217621836,0.28267216961607805,0.287254224190177,0.2917906228028102,0.2962800215767622,0.30072118668826037,0.3051129826173879,0.30945436508201785,0.3137443727330227,0.3179821197853511,0.32216678986383684,0.32629762918038213,0.33037394147170934,0.3343950826920528,0.3383604985133246,0.34226950966948094,0.3461217286268227,0.3499166354690028,0.35365378488058136,0.35733276111706547,0.360953175287082,0.36451466287940376,0.3680169026253081,0.3714595089192146,0.37484224106370195,0.3781647905227654,0.3814268849727193,0.38462826585768506,0.3877686871993136,0.39084791454218437,0.39386572402573755,0.39682190157431524,0.39971624219753543,0.40254854939380297,0.4053186346503007,0.40802631703329006,0.4106714228629759,0.4132537854676028,0.4157732450117928,0.41822964839446897,0.42062284921199283,0.4229527077824142,0.4252190909845359,0.42742187335996584,0.4295609358519489,0.4316361669987901,0.4336474629856824,0.43559472790057574,0.4374778744448377,0.43929682313041263,0.4410515044786118,0.44274185833565133,0.4443678344002362,0.4459293932542512,0.44742650620192126,0.44885915628937834,0.4502273387368196,0.4515310507746066,0.4527703459373441,0.4539452272555481,0.4550557552728785,0.45610199495649656,0.4570840270564692,0.4580019487260001,0.45885587414116924,0.4596459350987786,0.4603722817060066,0.4610350828693227,0.4616345269688765,0.4621708224242406,0.4626441982665728,0.4630549046956013,0.4634032136194105,0.46368941917506884,0.463913838228145,0.46407681084922203,0.46417870076554185,0.46421989578598,0.46420080819757903,0.4641218753947439,0.46398355916162287,0.46378634755315534,0.46353075410744055,0.46321731833953017,0.4628466058917896,0.4624192088571772,0.46193574561535006,0.46139686116068673,0.4608032269632851,0.4601555410402474,0.45945452787772995,0.45870093832965614,0.45789554947137,0.4570391644173462,0.4561326120469778,0.45517674677120595,0.45417244817513713,0.4531206206444292,0.4520221929453023,0.45087811773023634,0.44968937113271445,0.4484569520815104,0.44718188167504164
