0.2565805456326483,0.21774691042096553,0.18314080045751088,0.15245261926735998,0.12539243458775823,0.1016891612961532,0.08108968919354462,0.06335798005966904,0.048274151169791425,0.035633561669903266,0.025245914173107013,0.01693436730591076,0.010534706996949698,0.00589450394987151,0.0028723544456020315,0.0013371286903076027,0.0011672699036157919,0.0022501309718654314,0.004481349579107674,0.007764261695334406,0.012009351401390665,0.017133737591869248,0.02306069350562458,0.029719199170422483,0.03704352484093461,0.04497284284290181,0.05345086795036657,0.06242552190593651,0.07184862101918904,0.08167559707478562,0.09186521670473252,0.10237934347744591,0.1131827052030229,0.12424268271311313,0.13552911308219334,0.14701410761404715,0.158671883442869,0.17047860710381846,0.18241225242088857,0.1944524644079113,0.20658043737443754,0.21877880024736862,0.2310315107870299,0.2433237582875567,0.2556418720824294,0.2679732383843338,0.28030622233874203,0.2926300964765205,0.30493497404620346,0.31721174733785656,0.3294520289204692,0.34164810597944134,0.35379288035566947,0.36587983230712046,0.3779029698290328,0.38985679973537457,0.40173628478029627,0.4135368118364768,0.4252541608115376,0.436884475815842,0.4484242384142617,0.4598702428073369,0.47121957279906157,0.4824695804194676,0.49361786608022,0.5046622601507209,0.5156008058507758,0.5264317433637593,0.5371534950814929,0.5477646518987599,0.5582639604815601,0.5686503114389252,0.5789227283333759,0.5890803574699621,0.5991224584083118,0.6090483951462522,0.6188576279273921,0.6285497056285759,0.6381242586863928,0.6475809925249149,0.6569196812389502,0.6661401627617354,0.6752423323404536,0.6842261383482442,0.6930915780654534,0.701838692512908,0.7104675635365154,0.7189783095871575,0.7273710823724631,0.7356460639419157,0.7438034637128706,0.7518435158673553,0.7597664765780715,0.7675726221814119,0.7752622467477065,0.7828356602129537,0.7902931865822094,0.7976351622528219,0.8048619345965518,0.8119738604030894,0.8189713047211832,0.8258546396628922,0.8326242433428597,0.8392804989152455,0.8458237937025085,0.852254518410597,0.8585730664255444,0.8647798331867707,0.8708752156327488,0.876859612004163,0.8827334202613123,0.8884970394721119,0.8941508681808261,0.8996953050824025,0.9051307478856018,0.9104575938100418,0.9156762392928284,0.9207870799602469,0.9257905106075968,0.9306869252260558,0.9354767170677953,0.9401602787475376,0.9447380023787908,0.9492102797431442,0.9535775024910397,0.9578400623725205,0.9619983514965151,0.9660527626172687,0.9700036894465726,0.9738515269904819,0.9775966719092497,0.9812395227033577,0.9847804809019635,0.9882199503026632,0.9915583382025102,0.9947960556572593,0.9979335179547404,1.0009711451028829,1.0039093623312205,1.0067486006046023,1.0094892971479132,1.0121318959805294,1.014676848459267,1.0171246138285148,1.0194756597762797,1.0217304629948136,1.0238895097444787,1.0259532964195224,1.027922330202128,1.0297971292754984,1.0315782239173124
0.2423365029691073,0.2049077353216922,0.17156185756615044,0.141998808064869,0.11593768869565953,0.09311595759511283,0.07328856891273941,0.05622708416418812,0.04171877256847968,0.02956571490852431,0.019583921786606548,0.011602474424953012,0.005462694720061251,0.0010173504503192474,-0.0018701145934252525,-0.0033262914534251467,-0.0034684986702514867,-0.0024054265494421884,-0.0002377452262962848,0.0029413252097930526,0.00704547810061025,0.011994831495198303,0.01771543833744845,0.024138820577918996,0.031201852018420885,0.03884576993849091,0.04701644992640354,0.05566375707601437,0.06474133466156216,0.07420628869579575,0.08401896599868205,0.09414268779063206,0.1045435407585948,0.11519016820179778,0.1260535812393607,0.13710698238340366,0.1483256027429989,0.15968655189619882,0.1711686788580491,0.18275244258149942,0.19441968266341228,0.20615406135303116,0.21793985695816032,0.2297629744910939,0.24161030527706073,0.2534697570205899,0.26533017906337997,0.27718129284709714,0.2890136282083163,0.3008184637446967,0.31258777201229804,0.3243141684917379,0.33599086238934145,0.3476116215602312,0.3591707188626408,0.37066290568762994,0.38208336673839355,0.3934276997746994,0.4046918778793276,0.41587222359562165,0.42696538324320127,0.43796830305384127,0.44887820702790293,0.4596925763840567,0.4704091304847494,0.4810258091288649,0.4915407561112914,0.5019523039567396,0.5122589597421827,0.5224593919287905,0.5325524181301845,0.5425369937493814,0.5524122014218572,0.562177241206875,0.5718314214735364,0.5813741504320202,0.5908049282641632,0.6001233398109302,0.6093290477774893,0.6184217864194871,0.6274013556768285,0.636267615723721,0.6450204816523613,0.653659919615588,0.6621859416331274,0.6705986014881243,0.6788979914355835,0.6870842385263836,0.6951575013693527,0.7031179670316274,0.7109658486488993,0.7187013822605908,0.7263248248992482,0.7338364519565511,0.7412365555157326,0.7485254426914201,0.7557034331292198,0.7627708579517043,0.7697280582761247,0.7765753836622437,0.7833131910257265,0.7899418434719103,0.7964617092685188,0.802873161252553,0.8091765746190193,0.8153723282152004,0.8214608024813634,0.8274423791861013,0.8333174408863663,0.8390863704534637,0.8447495506614432,0.850307363834568,0.855760191356165,0.8611084141966032,0.8663524115742417,0.8714925615669619,0.8765292408255932,0.8814628245104733,0.8862936863070026,0.8910221984051245,0.895648731592295,0.9001736553443035,0.9045973381442203,0.9089201469014433,0.9131424482711129,0.917264608130606,0.9212869920228505,0.9252099654388292,0.9290338941260605,0.9327591444217924,0.9363860836097211,0.9399150802990328,0.9433465048246017,0.9466807296671653,0.9499181298923377,0.9530590834571535,0.9561039721586484,0.9590531816537831,0.9619071020892574,0.9646661285448068,0.9673306617216157,0.9699011084075091,0.9723778820240708,0.9747614031817603,0.9770521002417343,0.9792504098830689,0.9813567776740568,0.9833716586461981,0.9852955179681127,0.9871288435582342,0.9888720975350108
0.2294170989940984,0.19326493995323582,0.1610631845622466,0.13252029864429427,0.1073637683998301,0.08533896946219693,0.06620831996001508,0.049750407107043926,0.03575910408281432,0.024042691681265334,0.014422994842427012,0.006734541896752717,0.0008237530762064613,-0.0034518371203196632,-0.006224324525873591,-0.007616139654393332,-0.007740715782212845,-0.006703118397908034,-0.0046006373493460845,-0.0015233418849051952,0.0024453994761964998,0.00722843283206364,0.01275436668896212,0.01895714921062603,0.02577567581929055,0.03315342425271257,0.04103811498306677,0.04938139714566129,0.05813855665636835,0.06726824571973508,0.07673223215120573,0.08649516752717223,0.09652437297612428,0.10678963821295963,0.11726304091704584,0.12791877375193367,0.1387329883073452,0.14968364868971842,0.16075039742097394,0.171914431350999,0.18315838496084477,0.19446622493128718,0.2058231510986071,0.21721550541927193,0.22863068783247575,0.24005707778854268,0.25148396187388716,0.2629014675883672,0.2743005010221377,0.285672689670998,0.29701032937771704,0.30830633528878837,0.319554196226814,0.330747930160934,0.3418820553361098,0.3529515384455504,0.3639517742379352,0.3748785419492662,0.3857279909845851,0.39649660457614977,0.40718117726239794,0.41777879211634206,0.4282867992574737,0.4387027960895644,0.44902460892418705,0.4592502759228197,0.4693780312606067,0.4794062904222316,0.4893336365471744,0.4991588077479024,0.5088806853303243,0.5184982828511898,0.5280107359520326,0.5374172929137825,0.5467173058803909,0.5559102227036451,0.5649955793649465,0.5739729929330948,0.5828421550201833,0.5916028257004983,0.600254827859935,0.6087980419458169,0.6172324010892359,0.6255578863980622,0.6337745231406473,0.641882377048379,0.6498815494654034,0.6577721751086012,0.6655544186137111,0.6732284716386534,0.6807945501785011,0.6882528920780292,0.695603754714278,0.7028474129116687,0.7099841569226074,0.7170142906294332,0.7239381302647592,0.7307560012243114,0.7374682392175692,0.7440751870933832,0.7505771940754364,0.7569746152326255,0.7632678095613427,0.7694571396896114,0.7755429706443744,0.7815256701397524,0.7874056063568213,0.7931831483874333,0.798858665589556,0.8044325265292886,0.809905099490806,0.8152767515046655,0.8205478482160474,0.8257187536443915,0.8307898301974334,0.8357614377043011,0.8406339345523942,0.8454076767100029,0.8500830182942589,0.8546603110266667,0.8591399046631737,0.8635221470273394,0.867807384090156,0.8719959601650122,0.8760882180924154,0.8800844994629198,0.8839851448686867,0.8877904941824134,0.8915008868624635,0.8951166622830022,0.8986381600880152,0.9020657205680526,0.9053996849288322,0.9086403962330787,0.9117881990484529,0.9148434404348219,0.9178064702842404,0.9206776418105862,0.9234573120540321,0.9261458423991923,0.9287435989496509,0.9312509536945457,0.9336682841230011,0.9359959743261373,0.9382344157450166,0.9403840220393693,0.9424451708193492,0.9444182780814634,0.9463037990164012,0.9481021540484024,0.9498137893314214
0.21766261419706576,0.1826748583054139,0.15151497260722316,0.12390002463820912,0.09956520049484682,0.07826330360610147,0.05976359705187697,0.04385129317012343,0.030326246691489284,0.019002505781653516,0.009707260782284587,0.0022800620384780326,-0.0034279727568604645,-0.007554920047139799,-0.010228775547828702,-0.01156814367113082,-0.011682888425204964,-0.010674747436026553,-0.008637909054118653,-0.005659553281104748,-0.0018203580477164083,0.0028050281008480463,0.008147544617747401,0.014143309371909385,0.02073316914472164,0.02786267799260654,0.03548110233699296,0.04354178078211513,0.05200150760270878,0.0608203371244544,0.06996134033714632,0.07939037986581533,0.08907590120512605,0.0989887402771794,0.10910194496916549,0.11939060999662324,0.12983172435801044,0.14040403024911857,0.1510878924257006,0.16186517745876464,0.17271914288679094,0.1836342271492094,0.19459648333795782,0.20559243375196198,0.2166100455193404,0.2276381261975914,0.23866635937099603,0.24968524067601633,0.26068601746673536,0.2716606335260894,0.2826016777794527,0.2935023368079404,0.3043563508723657,0.3151579731811836,0.3259019321563826,0.3365833935699082,0.34719793979996555,0.3577415249729855,0.3682104478521116,0.37860133970685517,0.38891112921866283,0.399137023074882,0.409276485402559,0.4193272185031128,0.4292871453334537,0.4391543928898943,0.4489272769583904,0.4586042879211183,0.46818407757659347,0.47766544689933366,0.4870473346706948,0.4963288069176793,0.5055090471012774,0.5145873468526829,0.5235630980880648,0.5324357842670119,0.5412049736527534,0.5498703123719497,0.5584315180972569,0.5668883741763162,0.5752407241757758,0.5834884668112599,0.5916315512363689,0.5996699726657452,0.6076037683091164,0.6154330135948846,0.6231578183451502,0.6307783248188757,0.6382947027042527,0.6457071476665732,0.6530158784051839,0.6602211342449359,0.6673231729053133,0.6743222685383615,0.681218709700486,0.6880127970148066,0.6947048429454342,0.7012951691255767,0.7077841054779607,0.7141719881926126,0.7204591605667411,0.7266459691940862,0.7327327647855307,0.7387199008330658,0.7446077328055537,0.7503966174220764,0.7560869119985059,0.7616789742353748,0.7671731601908837,0.7725698261168823,0.777869326511927,0.7830720141717029,0.7881782399000368,0.7931883522704225,0.7981026974356784,0.8029216189835124,0.80764545783592,0.8122745521904897,0.816809237501793,0.8212498465011777,0.8255967092533419,0.8298501532482079,0.8340105035177674,0.8380780828300367,0.842053211824555,0.8459362092679366,0.8497273921889733,0.8534270765706433,0.8570355768946639,0.860553207419904,0.8639802816237785,0.8673171131182738,0.8705640159108344,0.8737213048224871,0.8767892959259007,0.8797683070023256,0.8826586580163007,0.8854606716070079,0.8881746735951775,0.8908009935043488,0.89333996509535,0.8957919442576614,0.8981572401946617,0.9004362026773371,0.9026292226942978,0.9047366460734347,0.9067588441308401,0.9086961960640426,0.9105490897072452,0.9123179226946203,0.9140031027725505
0.20693851066285396,0.1730149943415966,0.14280669641611704,0.11603832159408313,0.09245237613832634,0.07180842824743218,0.0538821242380249,0.03846467587227445,0.025361680835952118,0.01439244291044401,0.005389111250058927,-0.0018041251124351829,-0.007331813526880865,-0.011327981366505258,-0.01391684600416681,-0.01521348707001055,-0.015324482587509403,-0.014348508141132407,-0.012376899908458534,-0.009494182188473886,-0.0057785609662026755,-0.0013023846766914357,0.00386742633550783,0.009668979784462926,0.016044972415387382,0.02294268133405282,0.030312969679033734,0.0381106632500709,0.04629393755212469,0.05482413020430083,0.06366550446621264,0.07278503043988097,0.08215218223050394,0.09173875121145317,0.10151867243044416,0.11146786420961392,0.12156408041576156,0.1317867731955763,0.14211696639705293,0.15253713845722833,0.16303111421159128,0.17358386331502254,0.1841819144754537,0.1948122566025753,0.20546327260471525,0.21612416013353025,0.22678496430852796,0.2374365158622514,0.24807037274610724,0.2586787665378431,0.2692545527628012,0.27979116490160677,0.290282571803246,0.300723238244325,0.3111080883954033,0.3214324719738981,0.3316921295328457,0.3418831767795561,0.35200206079942853,0.3620455354647491,0.37201065441480163,0.381894736555766,0.3916953494339215,0.4014102906592113,0.4110375707977871,0.42057539746614253,0.43002216039939095,0.43937641794219745,0.44863688415540043,0.45780241701445756,0.4668720074139508,0.47584476895353556,0.48471992844871203,0.4934968171140732,0.5021748623706224,0.510753580232387,0.519232568230909,0.5276114988392879,0.5358901133603202,0.5440682162458912,0.552145669817256,0.5601223893580568,0.5679983385540256,0.5757735252552516,0.5834479975386546,0.5910218400499674,0.598495170606043,0.6058681366927586,0.6131409139532729,0.6203137012990017,0.6273867198656211,0.6343602102980661,0.6412344305840557,0.6480096541696653,0.6546861675973491,0.6612642695753072,0.6677442688497592,0.6741264828829834,0.6804112364698367,0.6865988606597655,0.6926896913536759,0.6986840685216656,0.7045823349301691,0.7103848356789894,0.7160919171412324,0.7217039263188033,0.7272212103622757,0.7326441153276099,0.7379729867009127,0.743208168234929,0.7483500017396428,0.7533988267434646,0.7583549802063079,0.7632187962821254,0.7679906061286381,0.7726707377621702,0.7772595159556276,0.7817572621778018,0.7861642945722873,0.7904809279744243,0.7947074739647468,0.7988442409575428,0.8028915343231456,0.8068496565427237,0.8107189073847809,0.8144995841596268,0.8181919819065138,0.8217963937054081,0.8253131109668879,0.82874242352529,0.8320846209220368,0.8353399913730243,0.838508823106758,0.8415914045457179,0.844588024744768,0.8474989738490465,0.8503245435702583,0.8530650276802821,0.8557207425878753,0.8582919475989533,0.8607789457751845,0.8631820845147645,0.8655016557517935,0.867737976811721,0.8698913709238175,0.8719621678111152,0.8739507042866809,0.8758573249858992,0.8776823824458971,0.8794262385021003,0.8810892642035112
0.19712817538847832,0.16418036970439231,0.13484371850630822,0.10885006547691836,0.08594864860861487,0.06590533938898382,0.048501838939878104,0.03353485019589473,0.020815282484034206,0.010167233616547013,0.001427558179350398,-0.005555300774152179,-0.010921881843271683,-0.014802470744323497,-0.017317794721048184,-0.018579679682177733,-0.018691671839528523,-0.01774962298306597,-0.0158422403259927,-0.013051601358408348,-0.009453635648310664,-0.005118574206851918,-0.00011136836649539017,0.005507920034391524,0.011683756935710797,0.018364798588363374,0.025503579433905917,0.0330562231555261,0.04098217338454094,0.049243945625351476,0.05780689717425647,0.06663901369148674,0.07571071285157153,0.0849946616929582,0.09446560822023244,0.10410022560487261,0.11387696808683581,0.12377593819407484,0.13377876277628917,0.14386848022951587,0.15402943454882148,0.16424717902884722,0.1745083850189128,0.18480075986698744,0.19511296951467053,0.20543456789215098,0.21575593069288626,0.2260681945002986,0.2363632010218139,0.2466334446128614,0.2568720241735373,0.26707259852941734,0.2772293451206586,0.28733692174707537,0.2973904311365176,0.30738538812199967,0.31731768922971587,0.32718358069106757,0.33697964764898647,0.34670277023770957,0.3563501027180597,0.3659190698552399,0.37540733340040644,0.3848127777468765,0.39413349329850134,0.40336776105837846,0.4125140382024969,0.42157094492627867,0.4305372519930067,0.43941186928830533,0.448193835165972,0.4568823065508989,0.46547654974412656,0.4739759318792337,0.4823799129830954,0.4906880385975583,0.4988999329218758,0.507015292438712,0.5150338799893384,0.5229555192661876,0.5307800896933093,0.5385075216674531,0.5461377921345378,0.5536709204781204,0.5611069646982199,0.5684460178604468,0.5756882047968608,0.5828336790413622,0.5898826196128406,0.5968352298899648,0.6036917328325366,0.6104523702926751,0.6171174005008634,0.6236870962544524,0.6301617425181605,0.6365416356683826,0.6428270813129172,0.64901839302717,0.6551158909952175,0.6611199009872595,0.6670307530001262,0.672848780199868,0.6785743183242016,0.6842077045635884,0.689749276854044,0.6951993733528105,0.7005583310727582,0.7058264864540509,0.7110041740742218,0.7160917264052665,0.7210894734237838,0.7259977422744477,0.7308168569843123,0.735547138225656,0.740188903125212,0.744742465117823,0.7492081338426461,0.7535862150802128,0.757877010728718,0.7620808188180408,0.766197933560078,0.7702286454340544,0.774173241305544,0.7780320045780023,0.7818052153756508,0.7854931507566083,0.7890960849451332,0.7926142896426285,0.7960480342639049,0.7993975863019844,0.8026632116665081,0.8058451748321432,0.8089437401367658,0.8119591708398294,0.8148917304723995,0.8177416830676735,0.8205093165808426,0.8231948286777665,0.8257985566633878,0.8283207485954124,0.83076167853545,0.8331216241644375,0.8354008673517785,0.8375996947354606,0.8397183983118353,0.8417572760337613,0.8437166324157747,0.8455967792858657,0.8473980358354367,0.8491207300862164,0.8507651989422492
0.18813140564550013,0.15608057763524547,0.12754457450553564,0.10226189671404723,0.07998805340114662,0.06049481418608239,0.04356941982512739,0.029013768836600125,0.016643599904417168,0.006287680142905483,-0.0022129477218856067,-0.009005952756487592,-0.014228030490246395,-0.018006044746994784,-0.02045749249540186,-0.021691189641474963,-0.02180787896111703,-0.020900802406453596,-0.019056238389386436,-0.016354004893158525,-0.012867930004056873,-0.008666290866215447,-0.0038122226284656308,0.0016359008640427428,0.007624113870946594,0.014102458973714954,0.021025037094090662,0.028349015984655765,0.0360350777622063,0.04404682197575346,0.052350612413788994,0.0609153691439381,0.06971237722221857,0.07871510879489288,0.08789905910060623,0.09724159476951041,0.10672181364476055,0.11632041492438991,0.12601957992742777,0.13580286068294828,0.1456550780795386,0.15556222696846306,0.16551138918056907,0.1754906519248236,0.18548903400395356,0.19549641546697855,0.20550347506552324,0.21550162986845123,0.22548298150919793,0.235440265010697,0.24536680220204238,0.2552564582649839,0.26510360162155167,0.2749030667709678,0.2846501198724475,0.2943404268648703,0.3039700239305866,0.3135352901256662,0.3230329177467328,0.332459906007769,0.3418135171284914,0.35109125793406065,0.3602908803542904,0.3694103481225226,0.37844782464032656,0.38740165802231413,0.3962703670751999,0.4050526285573393,0.41374726507467285,0.4223532339758407,0.43086961701074566,0.43929561072378315,0.4476305175283179,0.4558737374130397,0.46402476023454564,0.4720831585539483,0.4800485809784676,0.4879207459719114,0.4956994361006267,0.5033844926840285,0.5109758108210907,0.5184733347663346,0.5258770536308043,0.53318699738534,0.5404032331451532,0.547525861716241,0.5545550143856477,0.5614908499388788,0.5683335518890331,0.575083325514376,0.5817403970627958,0.5883050090861905,0.594777420054799,0.6011579020227336,0.6074467390014993,0.6136442247412325,0.6197506621298392,0.6257663611640145,0.6316916377750849,0.6375268128606478,0.6432722108943919,0.6489281589343924,0.6544949860148306,0.6599730220524708,0.6653625971483242,0.6706640410650025,0.675877681898566,0.6810038466175107,0.6860428598005995,0.6909950433928281,0.6958607163181085,0.70064019414422,0.7053337887976832,0.7099418083263663,0.7144645567077816,0.7189023337012119,0.7232554347419147,0.7275241508757663,0.7317087687328494,0.7358095705385403,0.7398268341607809,0.7437608331922625,0.7476118370663339,0.7513801112054994,0.755065917201412,0.7586695130253158,0.7621911532679335,0.765631089396957,0.7689895700964806,0.7722668415233613,0.7754631476993655,0.7785787308724714,0.7816138319129581,0.7845687164758717,0.7874435724607719,0.7902386390130989,0.7929542077811375,0.7955904934966368,0.7981477382808139,0.8006261862278058,0.8030260839532348,0.8053476811568588,0.8075912311981007,0.809756991683207,0.811845225062757,0.8138561992381862,0.8157901881759826,0.8176474726787919,0.8194283404071316,0.8211330874149582,0.8227620181747217
0.1798614754367694,0.14863739680827792,0.1208387905526429,0.0962103721917321,0.07451350125695948,0.05552544574900211,0.03903860661061842,0.0248597192870363,0.012809050923250805,0.002719604162439569,-0.0055636633780907704,-0.012184596213526452,-0.017276522662978383,-0.020963193555624822,-0.02335896497249989,-0.024569910770231025,-0.024694175986616815,-0.023822585066667012,-0.022039167408666682,-0.019421649863099993,-0.016041916114995697,-0.011966436127489127,-0.00725666573022371,-0.0019694185138921377,0.0038427889549256383,0.010131416374590696,0.016851601762526452,0.023961886239391106,0.03142395862266885,0.039202418805965256,0.04726455872029879,0.055580160529879435,0.06412130892918605,0.07286221821803553,0.0817790722786347,0.09084987667852681,0.10005432198584822,0.10937365744200207,0.11879057430666984,0.1282890975867892,0.1378544870656529,0.14747314419076887,0.15713243396280874,0.16682107628296577,0.17652813074408658,0.1862438723318335,0.1959592579471093,0.2056659627110889,0.21535632702240548,0.2250233071500089,0.23466042967059045,0.24426174936498668,0.2538218100451227,0.2633356084797458,0.2727985609903897,0.28220647206023664,0.2915555061648003,0.300842160787675,0.310063241839895,0.3192158360655701,0.32829730889178443,0.3373052602804837,0.34623750844520806,0.3550920943503777,0.3638672484316199,0.37256138031965585,0.38117306546432395,0.389701032429144,0.3981441514242136,0.40650142335521483,0.4147719698012813,0.42295502367489307,0.43104992054373426,0.4390560905664742,0.4469730509980424,0.4548003992233248,0.46253780628131524,0.47018501084458403,0.4777418136215891,0.4852080721517537,0.4925836959655169,0.49986864208360254,0.5070629108316971,0.5141665419484852,0.5211796109666338,0.5281022258478275,0.5349345238543775,0.5416766686411915,0.5483288475531338,0.5548912691138855,0.5613641602928773,0.5677477659839772,0.5740423444647981,0.580248167262875,0.5863655171434916,0.5923946858430968,0.5983359736274764,0.6041896872013053,0.60995613857418,0.6156356441454934,0.6212285232184103,0.6267350973722289,0.6321556892432099,0.6374906220525842,0.6427402185199829,0.647904800880569,0.652984688635738,0.6579802000135674,0.662891650256614,0.6677193514710718,0.672463612241221,0.6771247372952325,0.6817030272200789,0.6861987782234716,0.6906122819408941,0.6949438252859601,0.6991936903424364,0.703362154296393,0.7074494894070539,0.7114559630149915,0.7153818375864236,0.7192273707924108,0.7229928156218324,0.7266784205270688,0.730284429601359,0.733811082786841,0.7372586161123098,0.7406272619597564,0.7439172493472056,0.7471288042965213,0.7502621501104373,0.7533175368906242,0.7562951255101533,0.7591951336173365,0.7620178356817919,0.7647634190028441,0.7674320992077852,0.7700240925370798,0.772539616148534,0.7749788886552379,0.7773421306794204,0.7796295654210377,0.78184141923989,0.7839779222500084,0.7860393089250233,0.7880258187131902,0.7899376968215965,0.7917751942018322,0.7935385691536807,0.7952280873185051,0.7968440224830146
0.17224300834114928,0.14178284985232387,0.11466511701582927,0.09064033590853422,0.06947533174960616,0.05095250591510844,0.03486907405349672,0.02103628181697466,0.00927861666886877,-0.0005669735662222897,-0.008651846542095998,-0.015116408013337093,-0.02009082750012127,-0.023695722436036792,-0.026042755793738992,-0.02723552153558545,-0.027369592057429407,-0.02653360125789947,-0.024809491813031354,-0.022273050448853346,-0.018994358014272406,-0.01503820914432595,-0.010464503366236985,-0.005328608831195111,0.000318300357512985,0.006428930157938342,0.012959501688664804,0.01986985249694373,0.02712244600230812,0.034682881514056144,0.04251930964749691,0.05060230928706626,0.05890470445567275,0.06740139527530442,0.07606920202033547,0.08488672050641409,0.09383418869091739,0.10289336365069932,0.11204740746286243,0.12128078205884535,0.13057915171915746,0.13992929397912002,0.1493189240780044,0.1587370755926341,0.1681731162081201,0.17761759508518818,0.18706172539115234,0.19649742026850842,0.20591723986650817,0.2153143445776008,0.22468244962714992,0.23401578437320983,0.24330905427334926,0.25255740553762424,0.2617563925959493,0.270901947871338,0.27999035379859344,0.289018216898865,0.2979824437541198,0.3068802187638855,0.3157089782151279,0.32446641719439295,0.33315041992581745,0.3417590951285605,0.35029073483237255,0.3587438053752293,0.3671169342390203,0.375408897797365,0.3836186101226689,0.39174511213340685,0.3997875621239664,0.4077452265069754,0.41561747139648136,0.4234037547548827,0.4311036190938877,0.4387166846894566,0.4462426432737524,0.45368125216987243,0.4610323288377254,0.46829574580176997,0.4754714259335536,0.48255933806397655,0.4895594929021076,0.4964719392390904,0.5032967604172874,0.5100340710462782,0.5166840139487048,0.5232467573202194,0.5297224920889695,0.5361114294611252,0.5424137986399753,0.54862984430205,0.5547598262958745,0.5608040152458418,0.566762692800046,0.572636148855969,0.5784246812807619,0.5841285937521193,0.5897481946625805,0.5952837962569064,0.600735713107817,0.6061042614843378,0.6113897584223665,0.6165925206163477,0.6217128642718882,0.6267511038573923,0.6317075517478544,0.6365825179114674,0.6413763082976555,0.6460892260861494,0.6507215701734974,0.6552736351226958,0.6597457108777114,0.6641380825244172,0.6684510300961183,0.6726848284219556,0.6768397470166534,0.6809160500101231,0.6849139961155937,0.6888338386349813,0.6926758255003174,0.6964401993501159,0.7001271976395992,0.7037370527837928,0.7072699923324884,0.7107262391761495,0.7141060117818347,0.7174095244582432,0.7206369876489938,0.7237886405915182,0.7268646222830525,0.7298651336733245,0.7327904378277226,0.7356406988675914,0.7384161116738949,0.7411168700308898,0.7437431669088489,0.7462951957902005,0.7487731499584882,0.75117722386968,0.7535076135032991,0.755764516937127,0.7579481349360517,0.7600586715538022,0.7620963347462728,0.7640613369951018,0.7659538961100094,0.7677742351882907,0.7695225842825304,0.7711991803690419,0.7728042681718941
0.16521022989141365,0.13545761520419447,0.10897009001057993,0.0855036204250514,0.0648301450683097,0.046736822075875914,0.031025497233232904,0.017511497724195885,0.0060232944754311235,-0.003598483526622273,-0.011501757418252948,-0.01782372723839272,-0.02269157402257764,-0.02622313118765217,-0.028527522743769698,-0.029705769563261833,-0.029851301043398545,-0.029050786925118366,-0.0273840529303903,-0.024925141215390398,-0.02174245713530039,-0.017899238940951398,-0.01345394069154765,-0.008460588301789487,-0.0029691098822521855,0.002974357311134518,0.009327107599829104,0.01604997616629894,0.023106349795185874,0.030462686138746697,0.03808793180973531,0.045953404102345885,0.054032612175677744,0.06230109158666369,0.07073625194282425,0.07931723558615517,0.08802478755089635,0.09684113492507634,0.10574987567685702,0.11473587566043655,0.123785174360216,0.13288489601632758,0.1420231691507977,0.15118905198035892,0.1603724622868072,0.16956411402997779,0.17875545764916054,0.1879386259588218,0.19710638267628938,0.2062520763145793,0.2153695966684902,0.22445333441809223,0.23349814413982817,0.24249931019470494,0.25145251463255236,0.26035380785413964,0.26919958130158383,0.2779865421759122,0.28671169000863744,0.29537229494684375,0.30396587182003243,0.31249018486210833,0.32094320049114,0.3293230730726303,0.33762815712462485,0.34585697134547266,0.35400819129160216,0.36208063748991853,0.3700732643739772,0.37798515000869304,0.38581548657899895,0.393563571354821,0.40122879878478146,0.40881065250698884,0.416308698393654,0.4237225779011834,0.4310520019167836,0.4382967450362142,0.44545664024184906,0.4525315739524951,0.4595214814185709,0.46642634243822156,0.47324617737177355,0.4799810434336248,0.4866310312422255,0.4931962616102428,0.4996768825583571,0.5060730665373561,0.512385007844347,0.5186129202199684,0.5247570346144651,0.5308175971113972,0.5367948665968874,0.5426891146255611,0.5485006211949708,0.5542296751325813,0.559876571507582,0.5654416114166322,0.570925099914796,0.5763273454068517,0.5816486580804134,0.5868893493284247,0.5920497307200412,0.5971301133874469,0.6021308069297966,0.607052119114668,0.6118943550587028,0.6166578167322503,0.6213428024691576,0.6259496065309967,0.6304785189911346,0.63492982432451,0.639303802743312,0.6436007288704441,0.6478208718161329,0.6519644950242794,0.6560318561598557,0.6600232070359631,0.6639387935792805,0.667778855832693,0.6715436279939819,0.6752333384895101,0.6788482100819021,0.6823884600107479,0.6858543001654157,0.6892459372890742,0.6925635732130462,0.6958074051206449,0.6989776614928971,0.7020744241624304,0.7050979851805474,0.7080484907092518,0.7109261196080646,0.7137310482557847,0.7164634509833017,0.7191235005420152,0.7217113685936696,0.7242272260210555,0.7266712442601668,0.7290435946376481,0.7313444497470984,0.7335739838260946,0.7357323733518651,0.7378197976504519,0.7398364395180294,0.741782485853055,0.7436581284764154,0.7454635640659208,0.7471989958861326,0.7488646337329549,0.7504606947774957
0.15870552535612276,0.12960972086734096,0.10370685215923102,0.08075798549774792,0.060539850846288684,0.04284414514361912,0.02747679430348282,0.01425719749906676,0.00301746594120382,-0.006398330759295676,-0.014134903080165448,-0.02032645722666654,-0.025097384429629485,-0.028562919963382213,-0.03082976942931355,-0.03199670368747938,-0.032155118427207696,-0.031389561494270996,-0.029778227251725506,-0.02739341923585356,-0.024301982546129128,-0.020565706435637945,-0.016241699636717954,-0.011382739133743491,-0.006037593806336686,-0.0002513250465611683,0.005934434351397733,0.012481222244378115,0.01935350847983648,0.026518473431891745,0.033945803287332224,0.041607501386449294,0.049477712936316295,0.05753256375009358,0.06575001056967363,0.07410970315497434,0.08259285700895172,0.09118213545140608,0.0998615408490503,0.10861631394609167,0.11743284169978518,0.1262985704150999,0.13520192706018536,0.14413224643040407,0.1530797025211281,0.16203524653009255,0.17099054910921085,0.17993794616885345,0.18887039041889853,0.1977814045761026,0.20666503991078233,0.21551583649613693,0.22432878740765871,0.23309930470768656,0.2418231886177038,0.2504965987987703,0.25911602761994473,0.2676782754945106,0.2761804280060694,0.28461983470846447,0.292994089472856,0.3013010060163929,0.30953862619682315,0.3177051720944428,0.32579903346256156,0.3338187834781697,0.3417631422454472,0.34963097109683305,0.35742126196697527,0.36513312724594515,0.3727657904898155,0.3803185777629652,0.38779090962660445,0.39518229352327766,0.4024923170337962,0.40972064127325936,0.41686699488154244,0.42393116857070934,0.43091300971946106,0.43781241767217394,0.4446293392039096,0.45136376433222114,0.45801572241967187,0.4645852785466801,0.4710725301358122,0.47747760381008275,0.483800652469098,0.49004185256811933,0.4962014015862166,0.5022795156707471,0.5082764274463228,0.5141923839773547,0.5200276448740603,0.5257824801422546,0.5314571701649288,0.5370520018651792,0.542567268243432,0.5480032678595298,0.5533603026871321,0.5586386775788384,0.5638386986528268,0.5689606727635643,0.5740049064966611,0.578971705464798,0.5838613735160402,0.5886742119190089,0.5934105190444176,0.5980705896290295,0.6026547143355799,0.6071631793179723,0.6115962658377516,0.6159542499297229,0.6202374023760479,0.6244459874143181,0.6285802641223585,0.6326404852021629,0.6366268971312479,0.640539740087186,0.6443792479104326,0.6481456481043147,0.6518391618711115,0.6554600041832214,0.6590083838884712,0.6624845038486514,0.6658885611103836,0.6692207471075056,0.6724812869858545,0.6756702444073501,0.6787879127594755,0.6818344245577833,0.6848099472384058,0.6877146444957787,0.6905486765984116,0.693312200869762,0.6960053721223938,0.6986283431292909,0.7011812651171584,0.7036642882806967,0.7060775621216556,0.7084212367868241,0.71069546245476,0.7129003907167767,0.7150361749799918,0.7171029710839293,0.7191009379298581,0.7210302381214837,0.7228910388025457,0.72468351156746,0.7264078342513051,0.7280641908516723,0.7296527723918591
0.15267824420302278,0.12419346443848439,0.09883418001552519,0.07636624542736159,0.056570886517746805,0.03924401590830362,0.024195507190943807,0.011248452108740314,0.0002384122492500168,-0.008987321630803652,-0.01657045529773553,-0.02264239420372914,-0.027324920589654758,-0.030730840787961733,-0.032964600201484937,-0.034122867495525774,-0.03429508387979738,-0.03356398069797151,-0.032006064572849616,-0.029692001501788523,-0.02668739035996763,-0.023052459179981943,-0.018843131870849822,-0.014111020915570274,-0.008903814402328361,-0.0032655714715267015,0.0027630058117182332,0.00914424084712609,0.01584363589058292,0.022828881902231604,0.030070430999224046,0.03754092513880106,0.04521510173674234,0.053069635789760344,0.06108299305502017,0.06923529550156816,0.0775081962288508,0.08588476425675007,0.09434937801407543,0.10288762681035714,0.1114862206311788,0.12013290514807502,0.12881638486759694,0.13752616455697092,0.1462529164405565,0.15498755239250975,0.16372203372543595,0.17244888584345028,0.1811612361320044,0.1898527694753016,0.19851768711833953,0.20715066796259057,0.21574683317732515,0.22430171373914637,0.2328112195663936,0.24127161165025843,0.24967947606232088,0.25803169973129747,0.26632544810862024,0.2745581444474382,0.28272745059440196,0.2908312491798859,0.29886762042543735,0.30683486020176143,0.31473139905597536,0.32255585577809537,0.3303069917777659,0.33798370639241615,0.34558502633130755,0.3531100958712729,0.3605581677487311,0.36792859472838413,0.3752208216125207,0.3824343781538663,0.3895688719890378,0.3966239825691387,0.40359945513339046,0.4104950952787188,0.41731076387272986,0.4240463723202955,0.4307018781585966,0.4372772809573021,0.4437726184656326,0.4501879632064463,0.4565234189498211,0.4627791177797804,0.4689552171914915,0.4750518974226746,0.48106935896944447,0.48700782027411044,0.49286751557342157,0.4986486928966022,0.5043516122033436,0.5099765432219684,0.5155237656235289,0.5209935649681876,0.5263862323600981,0.5317020640280155,0.5369413590984559,0.5421044191349524,0.5471915464747746,0.5522030437543664,0.5571392128946983,0.562000354419264,0.5667867666514234,0.5714987449155386,0.5761365812113104,0.5807005634868698,0.5851909751982745,0.5896080948752536,0.5939521957375573,0.5982235453598801,0.6024224053834887,0.6065490312728488,0.6106036721156741,0.6145865707139376,0.6184979624653971,0.6223380767950576,0.626107136104031,0.6298053560211294,0.6334329454364707,0.6369901065702898,0.6404770350760549,0.6438939201770151,0.6472409448353541,0.6505183285078724,0.653726114604224,0.6568645962964539,0.6599338912631619,0.662934154783386,0.6658655375298747,0.6687281859298626,0.671522242623724,0.6742478468045229,0.6769051347273758,0.6794942401691054,0.6820152949251557,0.6844684293280314,0.6868537727862112,0.6891714541517968,0.6914216030641003,0.6936043493861623,0.6957198245900418,0.6977681621858309,0.6997494983589649,0.7016639726194158,0.7035117286563659,0.7052929142260734,0.7070076830001023,0.7086561944654503,0.7102386148065929
0.14708370441013463,0.11916851549120179,0.09431567733072073,0.07229554564005947,0.052893571599577,0.03590962660206255,0.021157290548505334,0.008463120449873365,-0.002334085478063491,-0.01138401597091783,-0.018825560247862638,-0.02478749924442747,-0.02938917119583062,-0.03274110776505057,-0.034945638329432996,-0.03609746400138111,-0.03628419717897391,-0.03558686993449153,-0.03408041045892157,-0.03183408881265069,-0.028911933395093792,-0.025373118591649965,-0.021272326075733206,-0.016660080446454464,-0.011583060449182184,-0.006084388825919482,-0.0002038991849815791,0.006021537224357401,0.012558170995786794,0.019374384460959584,0.026441273001525503,0.03373207411070524,0.04122207778992078,0.048888470952832414,0.05671019415571622,0.06466780947486547,0.072743377978479,0.08092034680918646,0.08918344467229096,0.09751858620159508,0.10591278180039518,0.11435405619326545,0.12283137225441286,0.13133447643003077,0.13985425563942416,0.1483818340992562,0.15690936092093088,0.1654295375603927,0.17393565435043878,0.18242154699520932,0.19088155631885273,0.19931049034345427,0.20770358975008518,0.21605649577356112,0.22436522039275708,0.23262611916649056,0.2408358652341049,0.24899142596091622,0.25709004112788425,0.2651292025530883,0.2731066353240521,0.28102028037275556,0.2888682710000736,0.2966489473862015,0.30436080492161016,0.3120024836653691,0.3195727905804687,0.32707066033030285,0.3344951520297767,0.34184543965205194,0.34912080311613114,0.35632062000519055,0.36344435786939566,0.37049156707046704,0.3774618741285153,0.38435497560344867,0.3911706320632445,0.3979086631460257,0.40456894229881596,0.4111513922107154,0.4176559804968656,0.4240827156804644,0.43043164345178425,0.43670284318471914,0.4428964246928472,0.4490125252083635,0.4550513065684861,0.46101295259508973,0.4668976666157098,0.47270566934561153,0.4784371965409854,0.48409249718316794,0.4896718311083064,0.4951754693672289,0.5006036893986471,0.5059567761490472,0.5112350189437183,0.5164387118684886,0.5215681515148283,0.5266236361040059,0.5316054647928494,0.5365139360603156,0.5413493476005777,0.5461119951356589,0.5508021718151868,0.5554201673895539,0.5599662678772455,0.5644407548460327,0.5688439049717499,0.5731759896042362,0.5774372743832819,0.5816280189026307,0.5857484764202533,0.5897988936132601,0.5937795103759559,0.5976905596596536,0.6015322673529733,0.6053048524427176,0.609008526001402,0.6126434926455625,0.616209949586283,0.6197080869422874,0.6231380878410345,0.6265001747030885,0.6297943786616412,0.6330210012584184,0.6361801531785282,0.639271985260174,0.6422966426364666,0.6452542650559008,0.6481449872311089,0.6509689392150787,0.65372624678937,0.6564170319519618,0.6590414132812973,0.6615995064741207,0.66409142483094,0.666517279778735,0.6688771814146741,0.6711712390697578,0.6733995618912476,0.6755622592609705,0.6776594421430315,0.679691222611752,0.6816577152369966,0.6835590375556612,0.6853953109430346,0.6871666604789263,0.6888732168522262,0.6905151162403056,0.692092501209407
0.14188235973950386,0.11449916578939238,0.0901191017641493,0.0685167609139814,0.04948156968461495,0.032817123488524155,0.018340486651417104,0.005881472847876185,-0.004718078930783437,-0.01360502067801457,-0.02091559727548059,-0.026776126442616344,-0.031303653037138196,-0.03460657519591778,-0.03678523787529532,-0.03793249753273281,-0.0381342524072605,-0.03746994220637871,-0.036013016328290945,-0.03383137186294553,-0.030987762770820243,-0.02754018069280463,-0.02354212889722325,-0.019043356639435946,-0.014089355336357162,-0.008722452630614663,-0.002981669639856327,0.00309695354595399,0.009480133055998707,0.01613713221929848,0.023039569100813714,0.030161238412968194,0.037477946085078734,0.044967357617075196,0.052608857168648396,0.06038341790109658,0.06827348194116124,0.07626284957008451,0.08433657675259246,0.09248088135482599,0.10068305475881255,0.10893138200266578,0.11721506711059146,0.12552408206022925,0.13384951416766044,0.14218268577440463,0.15051592108657552,0.15884208577074785,0.16715462244887536,0.175447507472141,0.18371521155018158,0.19195266327785032,0.2001552147079998,0.2083186100534833,0.21643895657253842,0.22451269751809694,0.23253658754856976,0.24050766906196686,0.24842325103725926,0.2562808892512148,0.26407836775933663,0.271813681858317,0.27948502225983085,0.2870907526956103,0.2946294348707448,0.3020997386765279,0.30950050760496967,0.316830709281965,0.3240894330659589,0.3312758806514378,0.33838935733881115,0.34542926392159523,0.3523950891455558,0.35928640269794737,0.36610284868816645,0.3728441395840651,0.3795100505709171,0.3861004143376495,0.39261511604939503,0.3990540890166939,0.405417310350807,0.41170479691948586,0.4179166018838114,0.4240528111404241,0.4301135401706282,0.43609893107288766,0.4420091497981157,0.4478443835738351,0.4536048385043465,0.45929073733502407,0.46490231736974086,0.4704398285313035,0.4759035309677425,0.4812936957957015,0.4866105997881902,0.4918545267410574,0.4970257643853254,0.5021246049177112,0.5071513425025842,0.5121062724222953,0.5169896905834438,0.5218018918744062,0.526543169872822,0.5312138158457813,0.5358141180910095,0.5403443611247135,0.5448048253421046,0.5491957863057894,0.5535175143035846,0.5577702739143692,0.5619543236233913,0.5660699154851742,0.5701172948323039,0.5740967000285612,0.5780083622649338,0.5818525053972273,0.5856293458240455,0.5893390924040295,0.59298194641131,0.5965581015282274,0.600067744102156,0.60351105229366,0.6068882472850521,0.6101993438526322,0.6134446480338049,0.6166242600579612,0.6197383232107085,0.622786974368365,0.6257703442894487,0.6286885579356211,0.6315417348213568,0.6343299893915229,0.6370534314105296,0.6397121664561654,0.6423062962809165,0.6448359193568565,0.6473011313640011,0.6497020257173658,0.6520386941155418,0.6543112271097128,0.6565197146919696,0.6586642469017355,0.6607449142719051,0.662761809180688,0.6647150254286568,0.6666046596264237,0.6684308119007384,0.6701935857398811,0.6718930899526695,0.6735294385280757,0.6751027515534557
0.13703909994431873,0.1101536998755298,0.08621580042431701,0.06500398917091801,0.0463114379537935,0.029945249599050996,0.01572576923334909,0.0034858753886335136,-0.006929731951135901,-0.015665236659768475,-0.022854397210413616,-0.028621215821814927,-0.03308058230620203,-0.036338889942087935,-0.03849462048000077,-0.039638897478516275,-0.03985601007088721,-0.03922390330887572,-0.037814638828567504,-0.035694825525552615,-0.032926021845603434,-0.02956511013869144,-0.025664645500305158,-0.02127317974899333,-0.016435561762503242,-0.011193217207479372,-0.0055844057004443975,0.0003555384996528632,0.006593986077120889,0.013100806366685966,0.019848182443256424,0.026810427677284587,0.03396383250594509,0.041286510270773694,0.04875826032091886,0.05636044060155958,0.06407584982296245,0.07188861848766503,0.07978410936564469,0.08774882336506672,0.09577031489772242,0.10383711246725175,0.11193864561694405,0.12006509739497104,0.1282077419513687,0.13635808735670182,0.144508621438792,0.1526523633841995,0.16078289773848078,0.16889433283960253,0.17698126052519303,0.18503872210549271,0.19306217370521725,0.201047455761301,0.20899076447658702,0.2168886253897261,0.22473786880096017,0.2325356074949339,0.2402792151381622,0.24796630724508356,0.25559472290864416,0.26316250825705967,0.2706679008160714,0.2781093067897858,0.2854853214202597,0.2927946734259097,0.3000362162497675,0.3072089564257165,0.31431201159940897,0.32134460939966747,0.3283060788786238,0.3351958425565624,0.3420134090269906,0.34875836608087446,0.35543037431212354,0.36202916116925393,0.36855451542087225,0.3750062820050491,0.38138435723492253,0.38768868436912896,0.39391924931663747,0.40007607697590186,0.4061592274860555,0.4121687929028884,0.41810489406784834,0.42396767772672156,0.42975731366446357,0.4354739923885493,0.441117922621607,0.44668932913569254,0.4521884507002695,0.4576155381701277,0.4629708527040794,0.46825466354833795,0.47346724880000784,0.4786088903902702,0.4836798754297101,0.48868049341917225,0.4936110365398946,0.4984717975022558,0.503263069144268,0.5079851429650146,0.5126383085891338,0.5172228532453208,0.5217390606287232,0.5261872103336126,0.530567577461122,0.5348804319140396,0.5391260379534678,0.5433046537643371,0.5474165310698851,0.5514619147933307,0.5554410427650806,0.5593541454740109,0.5632014458614389,0.5669831591565364,0.5706994927520375,0.5743506461191717,0.5779368107608505,0.5814581704840062,0.5849149002940872,0.588307221507834,0.5916351339895622,0.5948989499593224,0.5980987609105004,0.6012347042421505,0.6043069103341943,0.6073155027612949,0.6102605985845597,0.6131423086731216,0.6159607380548568,0.6187159862954776,0.6214081479052188,0.6240373127563982,0.6266035666068595,0.6291069914872712,0.631547666274804,0.6339256672081173,0.6362410684408328,0.6384939426159428,0.6406843614600016,0.6428123963959129,0.6448781191730651,0.6468816023409641,0.648822920604615,0.6507021504502946,0.6525193717523373,0.6542746674218088,0.6559681254181273,0.6575998385897925,0.6591699056099571
0.132522660423581,0.10610386489179695,0.08258023460003565,0.06173412697471049,0.04336224752312198,0.0272750069243769,0.013295843150147618,0.0012605234269510296,-0.00898355676034357,-0.017578068216670656,-0.024654428036266204,-0.030334458638902356,-0.034731021678370694,-0.037948624162834135,-0.04008399448826684,-0.041226627011636235,-0.041459297602335035,-0.04085854615280041,-0.03949512988596533,-0.03743444709696883,-0.03473693293506058,-0.031458427643331205,-0.027650519695198106,-0.023360864420287827,-0.018633479355067442,-0.01350892737371702,-0.008025029227943126,-0.0022161807650772775,0.0038854303532808165,0.010250484672421054,0.01685145110483302,0.02366321281001975,0.030662513528398508,0.037827886719447604,0.04513952078626075,0.052579135010420344,0.06012986209964358,0.06777614250473403,0.07550362552841317,0.0832990781692094,0.09115030112008782,0.09904605101095355,0.10697596867551312,0.11493043471274451,0.12290089883974818,0.13087904254103525,0.13885750707339634,0.1468294553977658,0.1547886051132304,0.1627291877032882,0.1706459088661808,0.17853391529890722,0.18638876056318088,0.19420637518217354,0.20198303862749206,0.20971535338375497,0.21740022091722602,0.22503481939724176,0.23261658335757274,0.24014318411350555,0.24761251244002447,0.2550226619327767,0.2623719139856733,0.26965872353890813,0.27688169729231804,0.28403962514376035,0.29113138171121616,0.29815600304620954,0.3051126333057116,0.31200052443069304,0.31881902774558357,0.3255675861505956,0.3322457268632621,0.33885305466889126,0.34538924564270457,0.35185404130927517,0.35824724320748874,0.3645687078316688,0.3708183419217432,0.3769960980773713,0.383101970672862,0.3891359920841819,0.3950982290099989,0.40098877936907734,0.40680776908295313,0.412555349238926,0.41823169341264066,0.4238369951716273,0.4293714657474883,0.4348353318653464,0.4402288337580293,0.44555222312777004,0.4508057616143842,0.45598971840415714,0.46110437123024717,0.46615000109050897,0.47112689381717,0.4760353371780235,0.4808756212903226,0.4856480363929423,0.4903528724997128,0.4949904178937461,0.4995609586691347,0.5040647780456455,0.5085021554373895,0.5128733659219211,0.5171786794916924,0.5214183607473372,0.5255926685525117,0.5297018544492813,0.5337461640628618,0.537725835562489,0.5416410996681699,0.5454921794000781,0.5492792898704772,0.5530026381169628,0.5566624229759554,0.560258834995401,0.5637920563857777,0.5672622610085073,0.570669671394597,0.5740142738374234,0.5772963884248172,0.5805160992332701,0.58367353946004,0.5867688346265955,0.5898021027607012,0.5927734548466363,0.5956829948337815,0.5985308201477875,0.601317021995318,0.604041685744773,0.6067048913350441,0.6093067137114934,0.6118472232721873,0.6143264864207867,0.6167445659803452,0.6191015217955214,0.6213974112742302,0.6236322899674345,0.6258062121691951,0.6279192315357829,0.6299714017225843,0.6319627770374973,0.6338934131094476,0.6357633674070803,0.6375727008161671,0.639321476452025,0.6410097623891929,0.6426376313162172,0.644205161488066
0.1283051223608058,0.10232442066434486,0.07918957637742322,0.0586865090008416,0.0406152620157101,0.02478936968301497,0.011035189644955506,-0.0008087847747120791,-0.010892615042682505,-0.019355601547062257,-0.026326953723825375,-0.03192643906534355,-0.03626500749149844,-0.03944538874997727,-0.04156266012379252,-0.04270477918077109,-0.04295309896994154,-0.04238283562265134,-0.04106351838339661,-0.039059406253236714,-0.03642987716291057,-0.033229790912023646,-0.029509826598116157,-0.02531679631473277,-0.020693935746905368,-0.01568117486095949,-0.010315289131766173,-0.0046306197782219755,0.0013416070007790798,0.007572510064813298,0.014035053530595462,0.020704580413127324,0.027558260330211526,0.034575021395938946,0.041735417707410585,0.049021507361456315,0.05641673700195758,0.06390583792072986,0.07147472885561337,0.07911042639371169,0.08680096241474249,0.09453530767356652,0.10230330130880243,0.11009558571313192,0.11790346721608055,0.1257192560314918,0.13353542415796757,0.1413453483803891,0.14914287111819308,0.15692233918076087,0.16467856565060388,0.17240679549276594,0.18010267385385892,0.18776221575013324,0.19538177875036344,0.20295803750532643,0.21048796016161797,0.21796878650160917,0.22539800766611684,0.23277334768926092,0.24009274560398508,0.24735433969015092,0.2545564524677245,0.26169757668708354,0.26877635332106964,0.27579159723675395,0.28274223777474483,0.28962731160717997,0.29644599683028977,0.3031975682200655,0.3098813980260153,0.3164969483016974,0.32304376377410976,0.3295214652123485,0.3359297432589798,0.34226835269033484,0.348537107074544,0.3547358737984736,0.3608645694369318,0.36692315543953213,0.37291163411247136,0.37883004487419086,0.384678460798472,0.3904569852271952,0.39616574894092527,0.40180490719196993,0.40737463710109517,0.4128751351965382,0.41830661511831796,0.4236693054766974,0.428963447854498,0.4341892949437862,0.43934710880817157,0.44443715926264094,0.4494597218456896,0.45441507857100566,0.4593035134960059,0.4641253127858129,0.46888076464401485,0.4735701570062649,0.4781937772483929,0.482751910637771,0.48724483992196155,0.4916728446237979,0.496036200127431,0.5003351771372386,0.5045700409381108,0.5087410510820737,0.512848460751667,0.5168925166551174,0.5208734574621803,0.5247915152358666,0.5286469139490794,0.5324398695302544,0.5361705896532336,0.5398392735683906,0.5434461119739423,0.5469912869265133,0.5504750326056841,0.5538973918928449,0.5572585211976637,0.5605586890671265,0.563797973652005,0.5669765053735009,0.5700944064157596,0.5731517909223396,0.5761487652253701,0.5790854281067346,0.581961871090623,0.5847781787195535,0.5875344290962848,0.59023069398342,0.59286703940275,0.5954435260267725,0.5979602096271781,0.6004171416345788,0.6028143695512745,0.6051519375612954,0.6074298870761086,0.6096482573197762,0.6118070859348282,0.6139064096076361,0.615946264712018,0.6179266879697657,0.6198477171266975,0.6217093916428158,0.6235117534674002,0.6252548474675478,0.626938722573291,0.6285634322317073,0.6301290352124241
0.12436148636180233,0.09879275806736335,0.07602336664584922,0.055842601828977254,0.038053664001627324,0.022473040701304292,0.008929849153970715,-0.0027348413530829535,-0.012668689898164914,-0.021008758323923404,-0.02788217141461176,-0.0334067568373919,-0.037691660466522045,-0.04083793460363756,-0.04293909849434581,-0.044081662202634084,-0.04434563483332804,-0.043804985066471916,-0.042528084529518104,-0.04057811822079904,-0.03801346784173354,-0.03488806926218696,-0.031251744827552816,-0.0271505122752074,-0.022626870868022203,-0.01772006792621192,-0.012466343632242693,-0.006899057404737827,-0.0010494123326509758,0.005054377997791237,0.011385883825728402,0.01792080003581105,0.02463669694117082,0.03151287398060687,0.03853022929126114,0.04567113969060804,0.05291934711002029,0.06025985637923853,0.06767883961783847,0.07516354810922601,0.082702231106389,0.09028406067794999,0.09789906238747131,0.10553805124887203,0.11319249510341253,0.12085484704576471,0.12851772111533663,0.13617461915851983,0.14381950088894652,0.15144682165382273,0.1590514947206293,0.16662885850351777,0.174174643419091,0.1816849440695176,0.18915619139632361,0.19658512785032228,0.20396878421125883,0.2113044580008563,0.21858969406379145,0.2258222654224315,0.2330001566715482,0.2401215480179062,0.24718480059115353,0.2541884428181852,0.26113115781987106,0.26801176184905684,0.2748292419954179,0.2815826491886541,0.288271185570504,0.2948941474030259,0.30145092663037615,0.30794100333907937,0.3143639387473926,0.3207193686848673,0.3270069975261528,0.33322659254586084,0.3393779786638194,0.34546103355239965,0.35147568307973465,0.3574218970646621,0.36329968532104173,0.36910909397080205,0.3748502020066509,0.38052311808681355,0.38612797757631245,0.3916649396329047,0.3971341847962645,0.4025359124303721,0.4078703384906451,0.41313769340933604,0.41833822012205624,0.42347217222614175,0.42853981226228,0.4335414101114998,0.4384772409431385,0.4433475861428441,0.44815272861732003,0.4528929531262366,0.45756854609811604,0.46217979324052066,0.4667269795016833,0.47121038732296266,0.4756302962969686,0.47998698247596544,0.48428071744156903,0.48851176773419375,0.49268039429614696,0.49678685179613363,0.5008313883522645,0.5048142449546354,0.508735655401548,0.5125958447936555,0.5163950309890373,0.5201334231747871,0.5238112219497079,0.5274286191533498,0.5309857977352199,0.534482996196215,0.5379202502403964,0.5412977162410555,0.5446156696285872,0.5478741839170129,0.5510733881121697,0.5542134024702295,0.5572943386600595,0.5603162999592354,0.5632793814830667,0.5661836704460091,0.5690292464548126,0.571816181832747,0.5745445419742023,0.5772143857289549,0.5798257658153253,0.5823787292142526,0.5848733178264744,0.587309568667578,0.5896875146456534,0.5920071849546218,0.5942686057127092,0.5964718005351951,0.5986167911460566,0.6007035980095321,0.602732240980346,0.6047027399712493,0.6066151155173582,0.6084693899550768,0.6102655876425978,0.6120037352211128,0.6136838636017691,0.6153060079483476,0.6168702083714173
0.12066931096523874,0.09548857239225253,0.07306322264420267,0.053185742292993846,0.03566232130267999,0.020312242713694015,0.006967235236047822,-0.004529190711877046,-0.014322434176567117,-0.02254742786477186,-0.029329329864472245,-0.03478413008262876,-0.03901928197887777,-0.042134240675735166,-0.044221057548645235,-0.04536487540837714,-0.04564443440002301,-0.04513252531650838,-0.043896427007208194,-0.041998310570679334,-0.03949561761967349,-0.03644141218217227,-0.03288470823913922,-0.028870774128917198,-0.02444141455307705,-0.019635232739659156,-0.014487872763021936,-0.009032243437389953,-0.0032987267832013945,0.00268454641227453,0.008891938890546597,0.015299303583168444,0.021884671678100265,0.02862769251605951,0.035509588393733166,0.042513036403403176,0.04962205664815153,0.05682191161730743,0.06409901208288632,0.07144083036266141,0.07883582041245007,0.0862733438651995,0.09374360181551034,0.1012375717993639,0.108746873699788,0.11626409514433877,0.12378198384796912,0.13129415938143219,0.13879469185620055,0.14627813857277985,0.15373950785920715,0.1611742249423379,0.168578101216439,0.17594730599974925,0.1832783392799751,0.1905680073098232,0.19781339980916243,0.20501186872529695,0.21216100917307523,0.2192586405489703,0.22630279023933186,0.23329167791448988,0.2402237010827913,0.2470974216903682,0.25391155368765905,0.2606649411866663,0.26735658935855666,0.27398560102378966,0.2805511712192411,0.2870526264052333,0.2934893770937008,0.2998609203778973,0.30616683303454056,0.3124067651075698,0.3185804339381849,0.3246876186085056,0.33072815476870543,0.3367019298197689,0.3426088784261314,0.3484489783344484,0.3542222464765086,0.3599287353360232,0.3655685295605401,0.3711417428011582,0.3766485147640649,0.3820890084591065,0.3874634076600163,0.3927719143920337,0.3980147468699502,0.40319213728891823,0.40830432990394344,0.4133515792083477,0.4183341482332893,0.4232523069605964,0.4281063308417905,0.4328964989190819,0.43762309487011264,0.44228640148276693,0.4468867035356792,0.4514242847301312,0.4558994277464151,0.4603124122041197,0.46466351493389674,0.46895300863487277,0.4731811612992214,0.4773482355662867,0.4814544881319449,0.4855001692427251,0.48948552212282126,0.49341078256310444,0.4972761786516852,0.5010819305811223,0.5048282492416715,0.5085153376966192,0.5121433898082831,0.5157125903563221,0.519223114904914,0.5226751977952948,0.5260687916604885,0.5294042482686298,0.5326816376822443,0.5359010887447643,0.53906272108648,0.5421666452517016,0.5452129628604665,0.548201766804203,0.5511331414747349,0.5540071630260253,0.556823899668025,0.559583411991975,0.5622857533264876,0.564930970123687,0.567519102374675,0.5700501840535128,0.5725242435888981,0.5749413043448223,0.5773013852169305,0.5796045008752069,0.5818506632046062,0.5840398806846177,0.5861721598093842,0.5882475055236164,0.5902659218793282,0.5922274127102876,0.5941319823227692,0.5959796362011619,0.597770381970783,0.5995042291527649,0.6011811913688043,0.6028012861144033,0.6043645357108886
0.11720840055929059,0.09239359118831235,0.07029258740470354,0.050700913286554974,0.03342758629299615,0.018294539109345892,0.005135974471218885,-0.006202288761928965,-0.015863493936651457,-0.023980577626535174,-0.030676832627435133,-0.03606650502770664,-0.040255435192931566,-0.04334159194085943,-0.04541561662774375,-0.04656137702995129,-0.04685639994114535,-0.04637236700548586,-0.045175524031483144,-0.0433270839647493,-0.040883599932660386,-0.037897312131887295,-0.03441647084589547,-0.030485636507204178,-0.026145957700845768,-0.021435429594562933,-0.016389132785427557,-0.01103945393980274,-0.005416291286677671,0.0004526725039182278,0.006542215882514274,0.012828576116355128,0.01929014096302223,0.02590688995176521,0.03266035124754557,0.03953348524873107,0.046510574487307416,0.053577124509680774,0.060719771196422884,0.06792619533898184,0.07518504394844294,0.08248585742257533,0.08981900237515125,0.09717560958386523,0.10454744227313834,0.11192721493195046,0.1193078013428463,0.12668293183817242,0.13404678081644206,0.1413940017816825,0.14871969212917655,0.15601935921855106,0.163288891256585,0.170524527311765,0.177722832669645,0.18488067371502198,0.19199519571833948,0.19906380192321813,0.20608413482731033,0.2130540575382986,0.21997163777983622,0.2268351324252619,0.2336429732809717,0.2403937538987577,0.24708621733933114,0.25371924481531083,0.26029183458521776,0.266803144973638,0.27325237969770205,0.27963888486010113,0.2859620885501475,0.29222150392535917,0.2984167224640753,0.30454740764728644,0.3106132890791997,0.316614157014416,0.3225498572620424,0.3284202864393402,0.33422538754957865,0.33996514586072835,0.3456395850633801,0.35124876368793656,0.3567927717626479,0.36227172769546834,0.3676857753640055,0.3730350813990494,0.3783198326482792,0.383540233835413,0.38869650523530175,0.39378888078036006,0.39881760601305327,0.40378293631298556,0.40868513521300975,0.4135244728267182,0.4183012243803459,0.423015668311126,0.4276680874809883,0.4322587633629511,0.43678797916254486,0.4412560168217261,0.44566315674487234,0.4500096760752522,0.454295848864237,0.4585219447186242,0.46268822823825184,0.46679495837089163,0.47084238782180343,0.47483076251581946,0.47876032113946226,0.4826312945830046,0.48644390573007795,0.49019836898984753,0.49389489002649595,0.4975336658204866,0.5011148831693706,0.5046387204453083,0.508105417982897,0.511514919227298,0.5148675888397226,0.5181634945162088,0.5214027660870896,0.5245855237556781,0.527711878189185,0.5307819306450491,0.5337957731320904,0.5367534886059289,0.5396551511980713,0.5425008264780734,0.545290571748176,0.5480244363697643,0.5507024621209904,0.5533246835848624,0.5558911285670448,0.5584018185425993,0.5608567691308324,0.5632559905973598,0.5655994883646202,0.5678872636376042,0.5701193136797498,0.5722956332628628,0.5744162141020424,0.5764810462833648,0.5784901187299656,0.5804434198832716,0.5823409384009021,0.5841826638697655,0.5859685877827027,0.587698703277589,0.5893730073863217,0.5909915007929923,0.5925541888488226
0.1139605382820939,0.08949130934219522,0.06769651422963241,0.048374550069986616,0.03133712310020263,0.016408679319025135,0.003425768152205924,-0.007763602537266712,-0.017300636260698526,-0.025316369786188536,-0.031932323786682676,-0.03726111293776718,-0.04140703655216299,-0.04446664342324885,-0.04652926931052992,-0.04767754486786599,-0.04798786478047656,-0.04753085221262396,-0.04637178437417336,-0.044570962917762275,-0.04218410502801903,-0.039262661926583176,-0.035854166184738245,-0.032002508632957255,-0.027748217310896994,-0.023128712354381686,-0.01817854154654594,-0.012929597674409848,-0.007411322184260771,-0.0016509735432148342,0.004326619403003634,0.010498057329186239,0.016842064551804342,0.02333893301219747,0.029970479746607548,0.03671993281760294,0.04357182267628715,0.05051188446915855,0.05752696668741383,0.06460494707836592,0.07173465492413464,0.0789057994582098,0.08610890359282011,0.09333524280135341,0.10057671563922149,0.107826156391997,0.11507655776853834,0.1223217548713062,0.12955602034320116,0.13677409856606237,0.14397117100755538,0.15114282274906474,0.15828501367429554,0.16539404996921972,0.17246655766419447,0.17949946012981197,0.18648995492500664,0.1934354941435284,0.20033376457768756,0.20718267074113444,0.21398031843739526,0.22072499966357026,0.22741517861030455,0.23404947867487697,0.24062667041073896,0.24714566034284022,0.25360546940609746,0.26000527918917177,0.2663443112013489,0.27262193032264953,0.2788375812263817,0.2849907921717836,0.291081168596964,0.2971083867039598,0.3030721877117687,0.30897237246218356,0.31480879639638604,0.32058136487531047,0.32629002881885916,0.3319347806409421,0.33751565045909726,0.3430327025590272,0.3484860320959454,0.3538757620159607,0.35920204018205026,0.36446503669033203,0.369664941363474,0.3748019614090643,0.37987631923173837,0.38488825041319674,0.3898380017014066,0.39472582937890716,0.3995519974894307,0.4043167763058076,0.40902044087376377,0.4136632689972899,0.41824554306785305,0.4227675430671044,0.4272295508623426,0.43163184663808407,0.43597470877407607,0.4402584120437898,0.4444832278779125,0.4486494229615914,0.45275725868492367,0.4568069904983748,0.4607988673223662,0.46473313100892666,0.4686100158535079,0.47242974818257755,0.4761925458501096,0.4798986180582366,0.48354816494076186,0.48714137733177093,0.4906784365476009,0.49415958976677393,0.49758477241345267,0.5009543624053626,0.504268426369848,0.5075270961734795,0.51073049369196,0.5138787308638277,0.5169719097803722,0.5200101228112324,0.5229934527650996,0.5259219730849767,0.5287957480774329,0.5316148331752767,0.534379275233045,0.5370891128546889,0.5397443767527965,0.5423450901386673,0.5448912691424953,0.5473829232628863,0.5498200558448847,0.5522026645856167,0.5545307420480796,0.5568042762941428,0.5590232511612198,0.5611876477187985,0.5632974437104714,0.5653526149860191,0.5673531359741788,0.5692989803705427,0.5711901218424594,0.5730265347494687,0.5748081951333746,0.5765350804422564,0.5782071718221724,0.5798244538609227,0.5813869156174599
0.11090925542793095,0.08676681668237221,0.06526148029023918,0.046194374026799406,0.029379712619493542,0.014644465095844994,0.0018272723602211494,-0.009221733800113513,-0.01864182102661241,-0.026562223331324547,-0.03310278413169346,-0.0383745584791525,-0.04248039621501082,-0.04551549966295601,-0.04756795430811095,-0.04871922574837509,-0.04904464084401758,-0.04861382375273918,-0.04749111608347348,-0.04573596491702894,-0.04340329099912904,-0.04054380706683616,-0.037204361481434245,-0.03342821093881307,-0.029255295776136975,-0.02472249171669358,-0.019863842066640686,-0.014710772253307858,-0.009292290772751927,-0.0036351715731959555,0.0022358776367569777,0.008298052024658636,0.014530311188119371,0.020913242284644,0.02742893577872285,0.034060872950128135,0.04079381876947066,0.047613725557541536,0.05450764291238555,0.061463634799466066,0.06847070292274327,0.07551871615248615,0.0825983451901931,0.08970100231921946,0.09681871403582223,0.10394442790278405,0.11107124903487997,0.11819311158124365,0.12530438105247135,0.1323998877312312,0.13947489255151518,0.14652505405517283,0.1535464000784406,0.16053529962894533,0.16748843676484088,0.17440278851312993,0.18127560213509095,0.18810437505668684,0.1948868367811793,0.20162093068225256,0.20830479856242648,0.2149367656259001,0.22151532668337975,0.22803913335499004,0.23450698219569463,0.24091780367353602,0.2472706401445212,0.2535646839306561,0.2597992074602923,0.2659735592048432,0.27208721086963983,0.27813970520467296,0.28413066083567445,0.29005976592418703,0.2959267727553035,0.30173149221725326,0.30747378889631743,0.3131535764600758,0.31877081335442664,0.3243254987916968,0.3298176690089154,0.3352473937769028,0.3406147731423298,0.34591993438624596,0.35116302918387604,0.3563442309516158,0.36146373236827667,0.3665217430586188,0.37151848742813187,0.3764542027774443,0.38132913674064906,0.3861435468053844,0.39089769742083746,0.39559185904333893,0.4002263065784612,0.40480131734028024,0.40931717271979495,0.4137741525660108,0.41817253640641006,0.422512603024653,0.4267946291717406,0.4310188871132546,0.4351856458969125,0.43929516944436686,0.4433477161053474,0.44734353801342874,0.45128288049548393,0.4551659817125711,0.4589930714517739,0.462764371763706,0.46648009569500015,0.470140447735624,0.47374562259078334,0.4772958055332442,0.48079125133547307,0.48423188756434893,0.4876181074955234,0.49094997696145387,0.49422763081764876,0.4974511939046093,0.5006207799008973,0.5037364931275516,0.5067984274638051,0.5098066667667062,0.5127612850314558,0.5156623465865996,0.5185099063235278,0.5213040099597234,0.5240446943351762,0.5267319877413468,0.5293659102820406,0.5319464742655012,0.5344736846270023,0.5369475393811545,0.5393680301031103,0.5417351424377832,0.544048856616886,0.5463091480991268,0.548515988039669,0.5506693437931813,0.5527691802828314,0.5548154595167566,0.5568081420273587,0.5587471873737443,0.5606325548534905,0.5624642042302544,0.564242096736896,0.5659661947850418,0.5676364642980547,0.5692528744410006,0.5708153986640936
0.10803963177553674,0.08420659607928238,0.0629752270002637,0.04414924884829946,0.027545350551232195,0.01299263373402229,0.00033199362332089755,-0.010584508823066219,-0.019894301869256725,-0.0277249070077093,-0.03419457475789864,-0.03941287903617377,-0.04348129349685406,-0.046493742228701895,-0.04853712397022952,-0.049691802918434363,-0.0500320840179736,-0.049626643560560485,-0.04853894415758081,-0.04682761792097731,-0.044546830210702826,-0.04174659338596215,-0.03847310698344064,-0.03476902639864429,-0.030673734836727473,-0.02622359185143125,-0.021452162570132105,-0.01639042944373531,-0.011066990643057106,-0.005508240035602574,0.00026146667264534407,0.00621965073607611,0.012345573722374908,0.018620102462029747,0.02502558643177924,0.03154574676031033,0.038165570540160704,0.044871215771193046,0.051649922500389495,0.058489931030708764,0.06538040632879674,0.07231136841231336,0.07927362790438011,0.0862587266078503,0.09325881212870055,0.10026693955195326,0.10727631955512101,0.11428098086213265,0.12127537660989732,0.12825441838296825,0.13521344232574597,0.14214817650348444,0.1490547130634611,0.15592948022068676,0.1627692176920225,0.16957095254336194,0.17633197918672505,0.18304983836162791,0.189722299588615,0.19634734316004673,0.2029231449553422,0.20944806161535928,0.2159206169412,0.2223394892768579,0.22870349980113386,0.23501160166008606,0.24126286987663972,0.24745648000508402,0.2535917592933552,0.2596680588529839,0.2656848658748304,0.27164173676427594,0.27753830260719964,0.28337426311388353,0.28914938103458204,0.29486347669723323,0.30051642343482465,0.30610814281650567,0.31163860045188907,0.31710780202920913,0.32251578961945304,0.3278626382274164,0.3331484525720958,0.3383733640801713,0.3435375280775983,0.3486411211654728,0.3536843387674098,0.3586673928366665,0.3635905097121513,0.3684539281133333,0.37325789740818605,0.3780026751642953,0.3826885268507345,0.38731572300991496,0.3918845384435773,0.39639525002645326,0.4008481385326542,0.4052434827976049,0.4095815610569056,0.4138626506821056,0.4180870262900809,0.4222549583822621,0.42636671355304745,0.4304225531073316,0.43442273251181834,0.4383675009339649,0.44225709991946294,0.44609176394974404,0.44987171922093727,0.45359718338432775,0.45726836515061686,0.4608854637791974,0.4644486694109724,0.46795824490634186,0.47141411096450203,0.4748166763760039,0.4781660072902078,0.48146224241063756,0.4847055098739642,0.4878959272265443,0.4910336014387208,0.4941186292354209,0.49715109606254815,0.5001310779023069,0.5030586403004893,0.5059338388462296,0.5087567194018185,0.5115273183665917,0.5142456629743217,0.5169117716235118,0.5195256542399519,0.5220873126708662,0.5245967411099235,0.5270539265523456,0.5294588492792803,0.5318114833705755,0.5341117972449957,0.5363597542077848,0.5385553131200197,0.540698428710464,0.5427890530474302,0.5448271350433482,0.5468126218985886,0.5487454596106887,0.5506255936928411,0.5524529699085148,0.5542275352872545,0.5559492378204152,0.5576180288339916,0.559233862705376,0.5607966979204123
0.10533812307091525,0.08179837320785796,0.060826617826169826,0.04222905299544161,0.02582467924059753,0.011444757177105275,-0.0010678022735875758,-0.011859060394867726,-0.021064696120349086,-0.028810602429366977,-0.03521351530653427,-0.040381600795485945,-0.04441502450521417,-0.047406495779136526,-0.04944178570438812,-0.05060021205562146,-0.05095510899146424,-0.050574252511792955,-0.049520270271379146,-0.047851020582788756,-0.04561994644404255,-0.04287641038368123,-0.03966598083327594,-0.03603074219862065,-0.03200956460848495,-0.027638301988843123,-0.02295007096033186,-0.017975433503892746,-0.012742598577138858,-0.007277599400975776,-0.0016045434484863452,0.004254656987551897,0.01027929286112772,0.01645058157374793,0.022751118973904888,0.02916485307894459,0.03567698177563536,0.0422738580894694,0.04894290263999354,0.05567252289458707,0.06245203865060059,0.06927161315484737,0.07612218968220999,0.08299543280251101,0.08988360490539557,0.09677986275287617,0.10367751779326312,0.11057068764101394,0.11745390872107209,0.12432216966228476,0.1311708778796598,0.13799582731748403,0.1447931710634256,0.15155939365908383,0.1582912869315914,0.16498592591798644,0.171640649601543,0.17825303972935086,0.18482090374633686,0.1913422569335076,0.19781530746828652,0.20423844178959646,0.21061021118057485,0.21692931932159346,0.2231946107399889,0.22940506008865394,0.23555976219094835,0.24165791022661146,0.24769884997896746,0.2536819461739132,0.2596067007328292,0.26547268303023586,0.2712795360381027,0.2770269703477374,0.2827147586040747,0.28834273032203006,0.2939107671128026,0.299418797959491,0.30486679535415007,0.3102547711609567,0.315582773019075,0.3208508809333007,0.3260592040905881,0.331207877886464,0.33629706114656166,0.34132693352964266,0.34629769309953906,0.35120955405443427,0.3560627446027859,0.36085750497606783,0.36559408571715835,0.3702727453487088,0.3748937496318996,0.3794573693213536,0.3839638794052298,0.3884135562374557,0.39280668003383146,0.39714352868723035,0.40142437922401586,0.40564950758695467,0.40981918669582973,0.4139336850715545,0.4179932670920211,0.4219981917672808,0.42594871145669977,0.4298450723368711,0.43368751306973125,0.43747626444728466,0.44121154890050435,0.44489358005587337,0.4485225623381679,0.4520986906182329,0.4556222365557936,0.45909311491147087,0.4625117505005668,0.46587821050185485,0.4691926382350683,0.47245516624169404,0.4756659162216743,0.4788249990085842,0.4819325145827582,0.48498855212184244,0.4879931900882598,0.4909464966217972,0.49384852861916484,0.4966993335579614,0.4994989486355522,0.5022474013078629,0.5049447095877927,0.507590882376877,0.5101859198295611,0.5127298137494122,0.5152225480165689,0.5176640990456367,0.5200544362732284,0.5223935226742566,0.5246813153060433,0.5269177658594763,0.5291028213356052,0.5312364245457539,0.5333185146552426,0.5353490285644089,0.5373279004876506,0.5392550634039015,0.5411304495947723,0.5429539913860325,0.5447256221757151,0.5464452761166076,0.5481128905275915,0.5497284055977456,0.5512917654566
0.10279240937900522,0.07953098091378705,0.05880551781668206,0.04042457142279854,0.024209344165755625,0.009993154228891882,-0.002379169564754341,-0.01305189981940752,-0.022159049896415484,-0.029824963023349055,-0.03616493375396948,-0.04128578846911615,-0.045286448275927677,-0.04825846693443023,-0.050286542934659506,-0.051448998836605336,-0.05181824561643519,-0.051461203218685136,-0.050439705612826485,-0.048810875224982314,-0.046627473334403646,-0.0439382306044806,-0.04078812984807412,-0.037218713047956736,-0.03326834809297649,-0.02897242321048618,-0.024363623978206822,-0.019472113154715254,-0.01432572958557854,-0.008950164267909816,-0.0033692074950149864,0.0023955225057721297,0.008323588226832712,0.014396459257520922,0.020597103757034246,0.026909268213900772,0.03331876796336766,0.03981200200270829,0.04637656235614085,0.05300101517589598,0.05967482716053246,0.06638829754180717,0.07313249546591291,0.0798992020044052,0.08668078846197072,0.09347050809668325,0.1002617679552468,0.10704876999829058,0.11382612967227027,0.12058890870170694,0.12733258186829574,0.13405300636649622,0.14074639234813366,0.14740927804213466,0.15403850467913893,0.16063119290928024,0.16718472389979064,0.17369671833857056,0.18016501965440765,0.18658767632744847,0.19296292718369962,0.19928918694075928,0.20556503296509146,0.21178919298674098,0.2179605336988138,0.22407805017472268,0.23014085604145684,0.23614816119342416,0.24209931641801005,0.24799373735644237,0.25383090190162366,0.259610404445734,0.26533189926675405,0.27099510730998166,0.276599810690427,0.2821458475718983,0.28763310739517234,0.29306152642973327,0.29843108368398485,0.30374179680195046,0.3089937188011228,0.3141869344678424,0.31932155726600864,0.3243977263945531,0.32941560403720144,0.3343753727910753,0.3392772332617604,0.3441214018134148,0.34890810846340664,0.3536375949117766,0.35831011284899383,0.3629259216196118,0.3674852875195754,0.37198848167336995,0.3764357786335366,0.3808274547997802,0.38516378969039566,0.3894450604984174,0.39367154293981,0.39784351167456555,0.40196123802252937,0.4060249886314798,0.41003502596822217,0.41399160612772334,0.4178949794272201,0.4217453890111136,0.4255430704468377,0.42928825118375746,0.43298115006099147,0.43662197686263776,0.4402109319190712,0.44374820575310403,0.447234069036888,0.45066842081879366,0.45405169165100434,0.45738393971225055,0.460665302680172,0.46389590719037105,0.46707586877167095,0.4702052918200154,0.4732842696104945,0.4763128843470009,0.47929120724903185,0.48221929867517055,0.48509720828276937,0.4879249754814373,0.49070262862574254,0.4934301868457886,0.49610765929763034,0.4987350457599942,0.5013123370002823,0.5038395151728788,0.5063165542490253,0.5087434204775055,0.5111200728753281,0.5134464637475099,0.5157225392350326,0.5179482398899594,0.5201235012571161,0.5222482545792327,0.5243224272823519,0.5263459437745094,0.5283187263879429,0.5302406954587142,0.532111770559386,0.5339318711096663,0.5357009174164628,0.5374188303436763,0.539085533760762,0.5407009542347029,0.5422650221130547
0.10039126413940574,0.07739424075916496,0.05690268664718026,0.038727399373753885,0.022691681214560194,0.00863081109928554,-0.0036085532230545614,-0.01416897992150995,-0.023182895472844217,-0.030773166422985304,-0.03705371429129181,-0.04213008947696531,-0.04610002789547338,-0.049053982931286544,-0.05107563184074371,-0.052242349725164616,-0.05262566881525954,-0.05229169420855334,-0.051301504521819585,-0.04971152198160744,-0.047573859100967175,-0.044936645403213515,-0.041844306556894695,-0.03833786855519067,-0.03445522156153158,-0.030231310866022515,-0.025698412107050622,-0.020886308302601714,-0.01582248663534075,-0.01053231177751382,-0.0050392745044025855,0.0006352883869336912,0.006471196935853268,0.012450160746620281,0.01855522997299447,0.024770917969048206,0.031082380790976305,0.03747676436265826,0.043941679647318904,0.050465843581817355,0.057038862444701605,0.06365116466870088,0.07029393898588579,0.07695907714672007,0.08363905391751239,0.09032714486067464,0.09701705594506,0.10370286123350075,0.11037932028412153,0.1170415645710326,0.12368513298166786,0.13030594209950383,0.13690025695909358,0.14346466655216014,0.14999605871642613,0.1564915984121713,0.16294870580540186,0.16936503900848607,0.17573847559135652,0.1820670955711752,0.18834916689045353,0.19458313113410897,0.2007675904526017,0.20690129543027425,0.21298313382708609,0.21901212012756519,0.22498738583596967,0.23090817046140244,0.23677379988457767,0.24258374485342055,0.24833748117826573,0.25403461556110685,0.2596748130461426,0.26525780444205616,0.2707833808889852,0.2762513887970714,0.2816617251293275,0.28701433300364654,0.29230919759070795,0.297546342286341,0.3027258251385365,0.30784773557197487,0.31291219102654366,0.31791933441031067,0.32286933113211036,0.32776236661514946,0.33259864391386573,0.3373783814836532,0.342101811093089,0.3467691758691165,0.35138072862315556,0.35593672950954097,0.360437445360138,0.364883147553291,0.3692741107621438,0.3736106106610553,0.37789292672598646,0.38212133519870295,0.3862961107270927,0.390417526711417,0.39448585315147194,0.3985013545428612,0.4024642913626135,0.40637491784611735,0.41023348164985285,0.41404022320706485,0.4177953751355148,0.4214991616955107,0.4251517982965962,0.42875349105145094,0.43230443637569493,0.43580491463363025,0.43925481982056386,0.4426545993057104,0.4460043134170545,0.44930410596559045,0.45255410904389637,0.4557544436230184,0.45890521931103145,0.4620065343257259,0.4650584755056028,0.46806111835870007,0.471014527148801,0.47391875501855396,0.4767738441490732,0.4795798259555213,0.4823367215711419,0.48504454109607087,0.4877032854322836,0.4903129455895682,0.492873503311818,0.49538493147742313,0.497847194531577,0.5002602489497407,0.5026240437314327,0.5049385209234781,0.5072036161277851,0.5094192592563942,0.5115853748534727,0.5137018829832791,0.515768699717818,0.5177857378978676,0.5197529078111712,0.5216701177871884,0.5235372754371385,0.5253542876487738,0.5271210621490421,0.5288375070328638,0.5305035332476729,0.5321190542737589,0.5336839872197136
0.09812443885727756,0.07537885928412433,0.05510968550214626,0.037129858294689955,0.02126468475740914,0.007351314427514882,-0.00476184548166439,-0.01521575125150007,-0.024141301988613723,-0.031659960725827024,-0.03788433984254888,-0.04291877328917007,-0.046859867223429025,-0.04979702624273541,-0.05181295404340791,-0.05298412382909459,-0.053381229589136436,-0.053069600437237324,-0.05210959539232091,-0.05055696982532626,-0.04846321807497758,-0.04587589739758541,-0.04283890282866762,-0.039392768982385584,-0.035574931184597536,-0.03141991301502681,-0.026959599754002195,-0.022223413222884875,-0.017238505579501462,-0.012029931549067313,-0.006620809206264261,-0.0010324671332076762,0.004715418473784483,0.010604699107238963,0.01661863585993903,0.02274179342942048,0.02896008909464934,0.03525995851826408,0.04162975735754254,0.048058197374090006,0.05453501764075308,0.061050769382219705,0.06759675515813654,0.07416497194657704,0.0807479928997592,0.08733918178809472,0.09393232787187128,0.1005215844418462,0.10710178140483526,0.11366811625883372,0.12021618894300834,0.12674197250864913,0.13324178417209556,0.13971226119071123,0.14615033600460436,0.1525532148045671,0.1589183558539896,0.16524345251261277,0.17152641442439717,0.17776535210931468,0.18395856101634808,0.19010450828451864,0.19620181963922773,0.2022492674067017,0.20824575939100937,0.21419032854824108,0.2200821233975573,0.22592039911351555,0.2317044955020158,0.2374338980373623,0.24310809324249627,0.24872669949606374,0.25428939210528645,0.2597959112847337,0.26524605678458363,0.2706396828856019,0.2759766937338958,0.2812570389905866,0.28648070977345175,0.2916477348693453,0.29675817719786013,0.3018121305081742,0.3068097162924392,0.3117510809003444,0.31663639290427825,0.32146584032064146,0.3262396286283151,0.3309579783030347,0.33562112280958784,0.34022930666178364,0.3447827836049299,0.34928181507388156,0.3537266679532556,0.35811761404839987,0.36245492804045665,0.3667388854673485,0.3709697649617647,0.3751478424427015,0.3792733914094694,0.3833466842688079,0.3873679890217232,0.39133756905274464,0.3952556827610953,0.3991225822568659,0.4029385128420455,0.40670371236588754,0.4104184106320195,0.4140828288555535,0.4176971791686136,0.4212616641728899,0.424776574272557,0.42824179864423706,0.4316578022696033,0.4350246483187374,0.43834248659443453,0.44161145561014037,0.44483168226111997,0.4480032824448117,0.4511263599035471,0.454201006921924,0.4572273041555821,0.46020532067926334,0.46313511407248376,0.4660167305423593,0.4688502050831619,0.47163556167214893,0.4743728135011875,0.47706196324369277,0.4797030035983655,0.48229591665136684,0.4848406757149484,0.4873372447448938,0.4897855790229275,0.4921856256229218,0.49453732390778316,0.4968406060125994,0.4990953975740991,0.5013016180531864,0.5034591814980376,0.5055679972201523,0.5076279703272639,0.5096390024921211,0.511600992635652,0.5135138376520735,0.5153774331527827,0.5171916741116613,0.5189564563956321,0.5206716757026617,0.5223372305573799,0.5239530218601043,0.5255189539943177
0.09598256206625283,0.07347633713392099,0.053418793881264054,0.035624921898860545,0.01992194216219556,0.006148790793943093,-0.005844458863519975,-0.016197211168110903,-0.025038920374919504,-0.03248970560388123,-0.03866092991729772,-0.043655766528361284,-0.04756974376044512,-0.05049126629637793,-0.0525021075438262,-0.0536778815587102,-0.05408848313377412,-0.053798501121447545,-0.05286760839082674,-0.05135092445952191,-0.049299354510129345,-0.046759910063942645,-0.04377598041682801,-0.04038763187701255,-0.036631866265930985,-0.03254280527694678,-0.028151962304531736,-0.02348841472508978,-0.01857899568746746,-0.013448464842517271,-0.008119666602829756,-0.002613676470880094,0.003050063747168291,0.00885362253274427,0.014780461883165508,0.020815332480226684,0.026944175174224316,0.03315418396844341,0.03943295681084208,0.045769950071985616,0.05215487608599911,0.05857840308983284,0.0650319418702596,0.0715075896634744,0.07799801325848038,0.08449666040091705,0.09099739958049077,0.09749445958758016,0.10398273733850696,0.11045749301906518,0.11691438474689805,0.12334943931885745,0.12975902361619618,0.13613982083496015,0.14248880586735155,0.14880322414811914,0.15508057016360308,0.1613185707707905,0.1675151665360662,0.17366849654984387,0.17977688261634867,0.18583881620484888,0.1918529454888206,0.1978180634994947,0.20373309713165133,0.2095970969369901,0.21540922764546985,0.2211687593596479,0.22687504498594147,0.23252758455389785,0.23812587428689144,0.243669543873587,0.24915827841437282,0.2545918271023585,0.25996999790988484,0.26529265263709956,0.27055970229598547,0.2757711028052861,0.2809268509736408,0.2860269807500162,0.2910715597221132,0.29606068584493506,0.3009944843830664,0.3058731050515069,0.3106967193410597,0.3154655180153876,0.3201797087678486,0.32483951409283796,0.32944516896751763,0.3339969193196435,0.33849501995984144,0.34293973312030734,0.34733132620786333,0.3516700713083267,0.35595624313191154,0.3601901169694496,0.36437197122964904,0.36850208087021696,0.37258071845219637,0.37660815530477953,0.38058465827169524,0.3845104890162499,0.3883859041433541,0.39221115374067245,0.39598648086669386,0.39971212090570335,0.40338830097419326,0.4070152393769988,0.4105931451116516,0.414122318886206,0.4176027464728523,0.4210346075659669,0.4244182717000763,0.427753794411442,0.4310413209907535,0.4342809852041714,0.4374729091449568,0.4406172029385325,0.4437139654200659,0.44676328298637336,0.44976523035010607,0.4527198704010241,0.45562725429118167,0.45848742155751465,0.46130040028140273,0.46406620728478265,0.46678484836233014,0.4694563185492533,0.47208060242414973,0.4746576746830614,0.47718749955844975,0.47967003266077224,0.48210522045195636,0.48449300095667713,0.48683330426230154,0.48912605300574863,0.49137116310527196,0.49356854408905865,0.4957180998819937,0.4978197293825164,0.49987332720987243,0.5018787842675092,0.5038359885376005,0.5057448257905921,0.5076051803350929,0.5094169357852316,0.5111799757323197,0.5128941852835294,0.5145594500256578,0.5161756590497577,0.5177427045008891
0.09395704984363246,0.07167888824846613,0.05182293881415795,0.03420615091814605,0.018657574554809847,0.005017853543773904,-0.006861346673918439,-0.017117947618132706,-0.02588002321062377,-0.0332664088314904,-0.039387274305292486,-0.044344684351234454,-0.048233138017758526,-0.051140084709706796,-0.05314641151455288,-0.054326910473421225,-0.05475071414290783,-0.05448170482570702,-0.053578900558845705,-0.05209681408406544,-0.05008578839770664,-0.047592308840970377,-0.0446592930614646,-0.04132636086360389,-0.03763008933031042,-0.03360422236844368,-0.029279912832449684,-0.024685927096568916,-0.019848776645260996,-0.014792945353312853,-0.009541016905192434,-0.00411391343278375,0.0014694107822757208,0.007190967049390179,0.013034496910742072,0.01898492834353399,0.025028366320359208,0.03115200362075407,0.03734403825433899,0.04359359731477988,0.04989066675327161,0.05622602630234516,0.06259118993837728,0.06897835037427416,0.07538026366447048,0.08179045748166763,0.08820287635836457,0.09461181980591321,0.10101224961249419,0.10739948537021354,0.11376924069672756,0.12011759354842469,0.1264409581226254,0.1327360613824583,0.13899991866552808,0.1452298127966458,0.15142327277335346,0.1575780574134235,0.1636921366156258,0.16976367682763557,0.17579102492520016,0.18177269556551182,0.18770735831825275,0.19359382595169808,0.1994310435612149,0.20521807847619639,0.21095411088645535,0.21663842513373321,0.2222703866754502,0.2278495092736665,0.23337529856906336,0.23884739499654034,0.24426549301022232,0.2496293503819563,0.2549387829432117,0.2601936596846246,0.2653938981868713,0.270539460358589,0.2756303484589371,0.28066660138411614,0.2856482911987548,0.2905755198945748,0.295448416360068,0.30026713354621704,0.3050318458144419,0.30974274645404287,0.3144000453573957,0.31900396684210197,0.32355474761014336,0.3280526348348862,0.33249788436752753,0.33689075922448675,0.3412315274002081,0.34552046113509244,0.3497578352545374,0.3539439248310375,0.3580790079384135,0.36216335883787437,0.36619724931566566,0.3701809495405689,0.3741147251122675,0.37799883618205227,0.3818335376488331,0.3856190776740168,0.3893556971764789,0.39304362918707225,0.39668309825427817,0.4002743198993439,0.40381750011943407,0.40731293972865723,0.41076050999749264,0.41416070020449824,0.417513569407831,0.4208192701272958,0.4240779433212663,0.42728971819613426,0.43045471205650776,0.4335730301956192,0.43664476563426924,0.43966999985471056,0.4426488016628848,0.445581227998636,0.4484673238297432,0.4513071222743096,0.45410064476038847,0.45684790122240226,0.4595488903339292,0.46220359977636416,0.46481200654295507,0.46737407727765734,0.46988976887943923,0.4723590279783357,0.4747817927794447,0.4771579925925836,0.47948754857216347,0.4817703742077193,0.4840063760580102,0.486195454085532,0.48833750244620244,0.49043241007053906,0.49248006141791284,0.49448033704171135,0.49643311439145443,0.49833826852738605,0.5001956728762195,0.5020052000045774,0.5037667224084804,0.5054801136125207,0.5071452477020099,0.5087620023375683,0.5103302577799491
0.09204002921725027,0.06997936931142384,0.05031563043355611,0.03286763554510866,0.017466184933730144,0.003953555704539924,-0.00781706410243388,-0.01798217780654679,-0.02666854026737628,-0.03399375896268725,-0.04006686330119502,-0.044988858541038124,-0.0488532600677444,-0.051746604388917455,-0.053748931745055545,-0.05493424875944669,-0.05537095983836554,-0.05512227233549161,-0.05424657878434691,-0.052797812478723144,-0.05082577931220375,-0.04837646747001023,-0.045492333995617,-0.04221257191194916,-0.038573363541339306,-0.03460808680403546,-0.03034755586824267,-0.025820223724690755,-0.021052311323041445,-0.016068033816566407,-0.010889726046476977,-0.005538079805593121,-3.183601690204263e-05,0.005611213948342658,0.01137499442104617,0.017244602545461285,0.023206299884058118,0.02924742415878398,0.03535630753603536,0.04152220127847253,0.04773520625750449,0.053986208559241605,0.06026682058311131,0.06656932610740934,0.0728866298537297,0.0792121452135768,0.08554007936313943,0.09186473676291182,0.0981811400851742,0.10448466600225467,0.11077108093232721,0.11703651166092705,0.12327741750627916,0.12949056716908286,0.13567301455698116,0.14182207779484343,0.1479353198639815,0.15401052895099812,0.16004570340962845,0.1660390356597048,0.17198889653237517,0.17789382280498028,0.18375250446010674,0.18956377309812805,0.19532659118273293,0.2010400420561486,0.20670332066571415,0.21231572494801867,0.21787664782101995,0.22338555480662212,0.22884205176404848,0.2342457291275712,0.2395963052252627,0.24489354603309588,0.2501372749013796,0.2553273677028101,0.2604637483079182,0.265546384363893,0.2705752833546311,0.27555048892155287,0.28047207742633695,0.2853401547381579,0.29015485322936746,0.2949163289648349,0.29962475907127495,0.3042803392739974,0.3088832815894908,0.3134338121631636,0.3179321692424224,0.3223786012760621,0.32677336513165756,0.3311167245965838,0.33540894811602473,0.33965030836110904,0.34384108015460335,0.3479815384450339,0.352071960868828,0.35611262114068465,0.36010379020956096,0.3640457372573942,0.36793872666909627,0.3717830171590623,0.3755788620027194,0.3793265075252219,0.38302619260318277,0.3866781480186584,0.39028259586399283,0.3938397489959322,0.39734991902717276,0.40081297342677114,0.4042294200101968,0.407599321681488,0.410922838563155,0.41420011923111627,0.4174313004812765,0.4206165071375028,0.42375585190043474,0.4268494352366283,0.42989734530756407,0.4328996579380947,0.4358564364281624,0.43876773238183175,0.4416335846175834,0.4444540200729947,0.44722905376893607,0.44995868900634955,0.45264291759965064,0.45528172014629253,0.4578750663319814,0.4604229152710124,0.46292521588111946,0.46538190751793596,0.4677929195082806,0.4701581729960179,0.472477580527923,0.47475104677925783,0.4769784692901837,0.47915973880604196,0.4812947400699401,0.48338335240815133,0.4854254504912394,0.4874209049009329,0.4893695829396809,0.49127134935017,0.49312606707678375,0.4949335980449824,0.4966938039569362,0.4984065474012789,0.5000716914778146,0.5016891023294241,0.5032586491862981
0.09022426623263205,0.06837121788841505,0.0488909049634928,0.03160394432269467,0.01634281188757178,0.0029513529885335787,-0.008715801541876844,-0.018793783638629186,-0.027408090151458092,-0.03467515440871691,-0.04070291467775103,-0.045591362751656817,-0.049433073179827924,-0.05231370946887251,-0.05431250197154952,-0.055502706343105,-0.05595203075874672,-0.05572303730086453,-0.054873520554478916,-0.05345685982214565,-0.05152234787101945,-0.049115497457935975,-0.046278325337374776,-0.04304961707159047,-0.0394651774791375,-0.03555802907853631,-0.031358679704583836,-0.02689525966989273,-0.022193736122841617,-0.01727804950162895,-0.012170302944005701,-0.006890968220300997,-0.0014585824805607994,0.004109251375823714,0.009796632245559184,0.015588818826023892,0.021472222214408837,0.02743431853807607,0.03346356806369513,0.03954950731526047,0.04568184677686962,0.05185207418351412,0.05805172919524304,0.06427318253719638,0.07050941938021987,0.07675392836767755,0.08300098307583492,0.08924495411423203,0.09548092227431149,0.10170431875931835,0.1079109602415656,0.11409702025719087,0.12025900114311036,0.12639371143828554,0.13249824186536358,0.13856994457303762,0.14460641399378218,0.15060546733626867,0.15656512983488882,0.16248361856616003,0.16835932737089052,0.174190814100813,0.17997678823093594,0.18571609934651429,0.1914077265002971,0.19705076833110896,0.2026444338860239,0.20818803409290157,0.2136809738341982,0.21912272918578732,0.22451291751609664,0.22985113719594075,0.23513711556872122,0.24037062646304203,0.2455515004286223,0.2506796199305667,0.2557549148672633,0.26077735838815186,0.2657469629894534,0.27066377686762844,0.2755278805119111,0.2803393835187133,0.2850984216120228,0.2898051538551546,0.2944597600403827,0.29906243824399825,0.3036134025353655,0.30811288082942323,0.31256111287293564,0.31695834835558023,0.3213048451376683,0.3256008675869898,0.3298466851947995,0.3340425704028466,0.3381887982906415,0.3422856445769603,0.3463333838147524,0.35033229150526524,0.35428263822441053,0.3581846908693014,0.3620387131239092,0.36584496233590763,0.36960369023444234,0.3733151413927395,0.3769795527364791,0.38059715289718776,0.3841681616162528,0.3876927891979789,0.3911713477466622,0.39460369203193413,0.3979903364447921,0.40133133727082304,0.40462685105229435,0.40787702257481695,0.4110819846324387,0.41424185783419376,0.41735675045157794,0.42042675830647325,0.42345196469907187,0.4264324403754002,0.4293682435340459,0.43225941967200066,0.4351060024676182,0.43790801270446134,0.44066545922984934,0.44337833895240386,0.44604663707609793,0.44867032737073154,0.45124937247834873,0.45378372425504776,0.45627332414760213,0.4587181036042551,0.4611179847391532,0.46347287992291586,0.4657826936297552,0.46804732207945166,0.47026665399088075,0.47244057135014145,0.4745689497837819,0.47665165938138787,0.47868856531153053,0.48067952860966867,0.4826244067756278,0.48452305460760525,0.48637532494726826,0.48818106946493256,0.4899401394611873,0.4916523869869208,0.49331766445806796,0.4949358273170933,0.49650673357434605
0.08850310629476729,0.06684839597765696,0.04754327503138325,0.030410078810501034,0.015282888585834958,0.002007047384025823,-0.009561418520943693,-0.019556341260931642,-0.028102008627064218,-0.03531372957691417,-0.04129839791427434,-0.04615503512319871,-0.0499753153237909,-0.052844066397735506,-0.054839743618809556,-0.05603488403245607,-0.056496529594691425,-0.05628662499110257,-0.055462392729608484,-0.05407668212795638,-0.05217829511675931,-0.04981228954017633,-0.04702026133946757,-0.0438406060739121,-0.04030876770228242,-0.03645743422838321,-0.03231680425153577,-0.027914721548938204,-0.023276888133301865,-0.018426998810448736,-0.013386929527916896,-0.008176941712653152,-0.002815377733379615,0.002680339682395616,0.008294476349236968,0.014012445183120698,0.019820800393111376,0.025707150317430316,0.031660077643968054,0.03766906549063448,0.043724600082194726,0.04981725372470949,0.055939334909839544,0.06208312665701987,0.06824169100208635,0.0744085884822176,0.08057815612113453,0.08674482771547332,0.09290373958439402,0.09905037498153396,0.10518059872155233,0.11129062856538677,0.11737700890091116,0.12343658541487235,0.1294664843039181,0.1354640902212917,0.14142702764745815,0.14735314151813167,0.15324048292160672,0.15908729202995245,0.16489198504098848,0.17065313991735473,0.1763694847163633,0.1820398862139282,0.1876633393212503,0.19323895730213972,0.1987659626865124,0.20424367882733926,0.20967152205246997,0.21504897844959153,0.22037567666145497,0.22565122239789123,0.23087535172174267,0.2360478459839851,0.24116854263349727,0.2462373304554025,0.25125414512943656,0.2562189650848334,0.26113180763004085,0.26599272533726476,0.2708018026633773,0.2755591527901652,0.2802649146682308,0.28491925025005704,0.2895223418989119,0.29407438996129587,0.2985756104916167,0.30302623311868127,0.307426499044416,0.31177665916601405,0.31607697231341725,0.3203277035947028,0.3245291230232868,0.3286815033361932,0.3327851197096021,0.33684024774967425,0.3408471616682107,0.3448061365126758,0.34871744209213773,0.35258134448198186,0.35639810611500977,0.3601679832115612,0.3638912259568919,0.36756807731903396,0.3711987722225485,0.3747835373090938,0.378322590068086,0.38181625375515976,0.3852643799006257,0.38866750183733273,0.39202568030961316,0.3953390800996468,0.3986078543080481,0.40183214407541423,0.4050120783459596,0.4081477736726895,0.4112393340635935,0.41428685086839223,0.41729040270542905,0.4202500554283202,0.4231658621319804,0.4260378631976868,0.42886608617334787,0.43165054670958486,0.4343912474986069,0.43708817928584875,0.43974132090119444,0.44235063953038534,0.44491609102263985,0.44743762023394185,0.4499151614054254,0.45234863857620966,0.45473796602999905,0.4570830489892345,0.4593837832628901,0.46164005709415634,0.46385175081629865,0.4660187378436703,0.46814088505068774,0.4702180535975273,0.4722500995503879,0.47423687467613773,0.4761782270418024,0.4780740018558185,0.479924042218069,0.4817281899107103,0.48348628620564327,0.48519817299451873,0.4868636923938948,0.48848268943666573,0.49005501169861954
0.08687041800398146,0.06540534106280851,0.046267684935458825,0.029281433224605885,0.014282206220051052,0.001116782562569224,-0.01035747384162733,-0.020273149635860938,-0.028753373805503468,-0.03591237822043025,-0.04185605582217414,-0.04668249870701119,-0.05048251836084766,-0.05334014231161485,-0.05533308354760039,-0.05653319088186959,-0.05700686831271137,-0.056815469348521275,-0.056015668752500136,-0.054659808484669586,-0.05279622034428047,-0.05046952708575489,-0.04772092155062199,-0.04458842610524538,-0.04110713924510831,-0.03730942890268388,-0.03322519771184965,-0.028882015198819944,-0.024305329815431737,-0.019518601184357942,-0.01454348792624846,-0.009399962112416005,-0.00410644408673308,0.0013200801116484417,0.0068639478042074875,0.012510719613796711,0.0182470864552505,0.02406078318688007,0.029940509586229097,0.03587585712971442,0.04185724153546139,0.047875840243123524,0.053923535259896266,0.05999285982955935,0.06607694948915546,0.07216943351853619,0.0782647096175638,0.08435727199115939,0.09044231005435865,0.09651535682744064,0.10257232320507431,0.1086094693633538,0.11462337920070542,0.12061093471659337,0.12656929574365755,0.13249587801424859,0.1383883347402787,0.14424453736943632,0.15006256151554956,0.15584066998574037,0.16157729989889513,0.167271048517928,0.172920661718735,0.17852502272238968,0.18408314161268152,0.18959414564784216,0.1950572702613359,0.20047185069950937,0.20583731424796406,0.21115315649568828,0.21641901714222228,0.22163450867149476,0.22679937558855517,0.23191340645604758,0.2369764453394219,0.24198838708733864,0.24694917292864696,0.25185878636267633,0.2567172493213621,0.2615246185834179,0.2662809824222736,0.27098645747094585,0.2756411857883053,0.2802453321124196,0.28479908128778514,0.2893026358542923,0.29375621378673217,0.2981600463745574,0.3025143762324204,0.306819455432788,0.3110755437526471,0.31528290702696066,0.3194418157865697,0.3235525430676429,0.32761536415468334,0.33163055456069107,0.33559838818346044,0.33951913965029823,0.34339307807976593,0.34722046866886574,0.3510015728265104,0.3547366455359625,0.3584259355747147,0.36206968424458275,0.36566812482153194,0.36922148190777115,0.37273008995787693,0.37619391573999644,0.37961315598976486,0.3829882317507384,0.38631919768098666,0.38960621544770924,0.3928494348410356,0.39604899349411593,0.39920501664536134,0.40231761694227575,0.40538689428640945,0.4084129357189812,0.4113958153467857,0.4143355943080055,0.41723232077758915,0.4200860300118454,0.42289674443192016,0.42566447353884307,0.42838921490191584,0.43107095311412547,0.4337096608560471,0.4363052989610663,0.43885781672419744,0.44136715224685785,0.44383323281699627,0.4462559753239588,0.44863528670738906,0.4509710646540852,0.453263197248147,0.4555115648225699,0.45771603965999286,0.45987648677766313,0.46199276472948214,0.46406472601729043,0.4660922179241007,0.46807508327357633,0.47001316103149116,0.4719062871540584,0.4737542953427891,0.4755570178408258,0.47731428624611644,0.4790259326511044,0.48069178923867556,0.4823116910025597,0.4838854753650426
0.08532054681228413,0.0640369219297158,0.045059470837241405,0.028213758437670933,0.01333688136603875,0.0002769953923693891,-0.011107252665578465,-0.020947254824946582,-0.02936502911420666,-0.03647377449030034,-0.04237842436026176,-0.047176179848923666,-0.05095702553338646,-0.05380422179438682,-0.055794770185814385,-0.056999859940692704,-0.05748528370144401,-0.05731182848863339,-0.05653564427760924,-0.05520858672949161,-0.053378537523426334,-0.051089702400674425,-0.048382888105732824,-0.045295759527085366,-0.041863078198581316,-0.038116923684398396,-0.03408689697000522,-0.02980031104627215,-0.02528237140437195,-0.020556312598424276,-0.015643585102365798,-0.010563968275966978,-0.005335704094868693,2.438647696617613e-05,0.0055007935535288655,0.011079219160878812,0.01674648507980281,0.022490447278906867,0.028299917614239556,0.034164591279142315,0.04007497996768006,0.04602252925039421,0.05199866533810449,0.05799653547336353,0.06400916621058772,0.07003025261182438,0.07605425044887379,0.08207571172484432,0.0880898766658757,0.09409232591350025,0.10007901440882352,0.10604624305482852,0.1119906334164569,0.11790910228668514,0.12379884168459174,0.12965729708261867,0.13548214918736723,0.14127129481708076,0.1470228330573617,0.15273504837846794,0.15840639797341363,0.16403549743099907,0.1696211098331017,0.17516213409589504,0.1806575948311082,0.18610663269863972,0.19150849549086751,0.19686252984748692,0.20216817355320169,0.20742494837429618,0.21263243700861315,0.21779035880614916,0.22289840014197326,0.22795637288267628,0.23296412744398912,0.23792156449630664,0.24282863059854204,0.24768531412221095,0.2524916414444944,0.2572476733906685,0.26195350190782796,0.2666092469532185,0.2712150535818191,0.27577108921898796,0.2802775411051412,0.2847346139004217,0.2891425274383036,0.2935015146179508,0.29781181942596024,0.3020736950788989,0.30628740227873236,0.3104532077706923,0.31457138201825957,0.318642198917668,0.3226659337075974,0.32664286181477353,0.33057325684796873,0.3344573930453878,0.3382955388735781,0.3420879586961809,0.34583491294921764,0.3495366554364161,0.35319343359113275,0.3568054871864026,0.36037304778952217,0.36389633811343475,0.36737569360529604,0.37081095096011046,0.3742026695568601,0.37755090886151116,0.38085583935435224,0.38411761970573227,0.3873363965195332,0.390512304051847,0.3936454639718493,0.39673598516434516,0.39978396357351803,0.40278948208747595,0.4057526104632161,0.4086734052916483,0.4115519100023568,0.4143881549077668,0.4171821572864021,0.4199339215048899,0.4226434391783791,0.42531068915918946,0.42793563861271255,0.4305182420302792,0.4330584423798761,0.43555617124213736,0.43801134919221785,0.44042388621666106,0.44279368216457804,0.445120627232371,0.44740460268005644,0.4496454805790312,0.4518431256034685,0.45399739482673995,0.456108138534142,0.458175201012272,0.46019842105638864,0.4621776327898063,0.46411266645978416,0.4660033490693783,0.46784950524869806,0.4696509580342795,0.4714075296878067,0.4731190428452287,0.4747853201038197,0.4764061867706535,0.47798147036507277
0.0838482693014036,0.06273839959606214,0.043914325400754545,0.02720312975792341,0.012443326708987873,-0.0005156061082048913,-0.011813790607002078,-0.021581472449571454,-0.029939603569542422,-0.03700039185503762,-0.042867850132583984,-0.047638324812692256,-0.05140100721007804,-0.05423842192525338,-0.05622688815216417,-0.057436962558222365,-0.05793385150805852,-0.057777798850362466,-0.05702445118601138,-0.055725198180952035,-0.05392748978155423,-0.051675131987964446,-0.04900856141680879,-0.04596510028253467,-0.04257919288404566,-0.03888262512200785,-0.034904726134600744,-0.03067255729626528,-0.026211091257985986,-0.021543346889389386,-0.016690575206857988,-0.011672370911464974,-0.0065068951264793395,-0.001210540488786771,0.004201059339991875,0.009713831911232124,0.01531472437601794,0.02099170872259734,0.026733704170283118,0.03253050526210277,0.03837271562340633,0.04425168656356954,0.05015964401855372,0.056088720927712055,0.06203273968748482,0.06798527530721699,0.07394083918071875,0.07989403902800124,0.08584016261782654,0.09177483731472036,0.09769405986664637,0.10359417022999623,0.10947182588272725,0.11532397709406983,0.12114784665379874,0.12694090851516635,0.13270086971632136,0.13842565137258137,0.1441133750502147,0.14976234596846044,0.15537104050297787,0.16093809193627392,0.16646227969544122,0.17194251778084402,0.17737784472553994,0.1827674140332338,0.18811048534255587,0.19340641621580462,0.19865465450489447,0.20385473125095213,0.2090062372008092,0.21410890103933986,0.21916241489550423,0.22416659777052791,0.22912130617919796,0.23402644638541828,0.23888197007130785,0.24368787029357314,0.24844417770611393,0.25315095702944446,0.2578083037490134,0.26241634102593,0.2669752168048601,0.2714851011050835,0.2759461834817743,0.2803586706456286,0.28472278422987163,0.2890387586945873,0.2933068393591035,0.29752728055393296,0.3017003438844679,0.3058262967981009,0.3099054102573095,0.31393795847291023,0.31792421680489247,0.32186446062196716,0.32575896326690157,0.32960799861749446,0.3334118345241202,0.3371707345591264,0.340884958233349,0.34455475822495696,0.34818038068294554,0.3517620639172263,0.3553000378578947,0.3587946492138662,0.36224573183332076,0.36565386423233825,0.3690191110108161,0.37234165143423664,0.37562165321253455,0.3788592721963451,0.3820546517896387,0.38520792306132956,0.3883192042409694,0.3913886005862457,0.39441620422557755,0.3974020940416221,0.4003463355953379,0.40324898109026186,0.4061100693766929,0.408929625995469,0.41170766326103025,0.4144441803834429,0.4171391636290562,0.4197925865194342,0.4224044098554668,0.42497458284311307,0.4275030421264753,0.42998971298815386,0.4324345095195644,0.4348373350397985,0.43719808254904086,0.4395166352158064,0.44179286709709975,0.44402664288490423,0.4462178197073294,0.4483662469242274,0.45047176697556846,0.45253421602015087,0.45455342475797245,0.4565292189414298,0.458461420334467,0.4603498473151136,0.4621943157536068,0.46399463979655475,0.46575063269107153,0.46746210794304477,0.4691288788956458,0.47075076150499245,0.4723275738353737
0.08244875575591323,0.06150539210687575,0.04282826585989269,0.026245918283195058,0.01159822518307696,-0.0012640663157807153,-0.012479895580269323,-0.022178407479966106,-0.030479530212733363,-0.03749452016529034,-0.04332650635783317,-0.04807101473163916,-0.05181647519563984,-0.05464470599446147,-0.05663137153808517,-0.057846421364962874,-0.05835449934585249,-0.05821532787128067,-0.05748407081882939,-0.056211670580121664,-0.05444516293390869,-0.05222797038409788,-0.04960017447941209,-0.046598768719990635,-0.04325789310839029,-0.03960905187281341,-0.035681313416759286,-0.03150149779534886,-0.027094354358803724,-0.022482695136955944,-0.017687579877689236,-0.012728426212223837,-0.0076232313879812386,-0.0023882363905118886,0.0029610654718581764,0.008410731632323754,0.013947829434978992,0.019560442092253688,0.02523759174516646,0.030969168172905986,0.03674586312263184,0.042559109438213616,0.04840102544386693,0.05426436302368132,0.06014245999091969,0.06602913478115022,0.0719189521029032,0.07780657271810104,0.08368733100776835,0.0895568980665091,0.09541131105630132,0.10124694731061717,0.1070604988718318,0.112848947942979,0.11860954685239528,0.1243397968485365,0.13003742978925806,0.13570039132639397,0.14132682332351698,0.14691505153699583,0.15246357003442906,0.15797102980845096,0.16343608499721335,0.1688580859382497,0.1742356627435959,0.17956812180828421,0.18485473413410103,0.19009486776226148,0.19528798020474947,0.20043361140427451,0.20553135988733057,0.2105809631434479,0.2155821189873551,0.22053465322183793,0.22543842822346213,0.23029335563399278,0.23509939206319652,0.23985653507608898,0.2445648194437827,0.24922431363869385,0.2538351165563656,0.2583973544475653,0.26291117804557884,0.2673767598748125,0.27179429172791625,0.2761639822996496,0.28048605496665174,0.2847607457031568,0.2889883011234896,0.2931689766429324,0.29730303494788346,0.3013907435786556,0.3054323745867776,0.3094282023106335,0.31337850220803587,0.3172835496357629,0.3211436176812651,0.32495897988847566,0.32872990352500364,0.3324566513799819,0.33613948217748085,0.339778647427053,0.3433743920807725,0.3469269530472614,0.3504365586867966,0.35390355701521975,0.3573277708332725,0.3607097857144663,0.36404966095945757,0.3673475734066864,0.370603688163862,0.3738181582376302,0.376991124206704,0.38012271400218767,0.3832130424072789,0.386262211246826,0.389270308968091,0.39223741058870165,0.39516357761985055,0.3980488580298641,0.40089328624784804,0.40369688320710073,0.4064596564280154,0.4091816001401475,0.41186269544313403,0.4145029105061052,0.4171022008052151,0.41966050918353703,0.42217776702567533,0.42465389331250647,0.4270887958701177,0.4294823715745649,0.43183450694825265,0.4341450780821666,0.43641395208602557,0.4386409867885255,0.4408260318893171,0.4429689292943262,0.44506951383263227,0.447127613930529,0.44914305231225954,0.4511156466940762,0.4530452106411162,0.4549315542326836,0.4567744848540385,0.45857380806375736,0.46032932840103213,0.46204085055283106,0.4637081789241652,0.46533112033111534,0.466909484034039
